ISO-10303-21;
HEADER;
FILE_DESCRIPTION(('FreeCAD Model'),'2;1');
FILE_NAME('Open CASCADE Shape Model','2026-09-01T11:31:57',(''),(''),
  'Open CASCADE STEP processor 7.8','FreeCAD','Unknown');
FILE_SCHEMA(('AUTOMOTIVE_DESIGN { 1 0 10303 214 1 1 1 1 }'));
ENDSEC;
DATA;
#1 = APPLICATION_PROTOCOL_DEFINITION('international standard',
  'automotive_design',2000,#2);
#2 = APPLICATION_CONTEXT(
  'core data for automotive mechanical design processes');
#3 = SHAPE_DEFINITION_REPRESENTATION(#4,#10);
#4 = PRODUCT_DEFINITION_SHAPE('','',#5);
#5 = PRODUCT_DEFINITION('design','',#6,#9);
#6 = PRODUCT_DEFINITION_FORMATION('','',#7);
#7 = PRODUCT('Body (Mirror #1)','Body (Mirror #1)','',(#8));
#8 = PRODUCT_CONTEXT('',#2,'mechanical');
#9 = PRODUCT_DEFINITION_CONTEXT('part definition',#2,'design');
#10 = ADVANCED_BREP_SHAPE_REPRESENTATION('',(#11,#15),#3351);
#11 = AXIS2_PLACEMENT_3D('',#12,#13,#14);
#12 = CARTESIAN_POINT('',(0.,0.,0.));
#13 = DIRECTION('',(0.,0.,1.));
#14 = DIRECTION('',(1.,0.,-0.));
#15 = MANIFOLD_SOLID_BREP('',#16);
#16 = CLOSED_SHELL('',(#17,#111,#142,#167,#192,#216,#346,#371,#395,#419,
    #716,#741,#932,#949,#974,#991,#1107,#1124,#1136,#1162,#1184,#1201,
    #1218,#1230,#1255,#1288,#1313,#1338,#1363,#1388,#1405,#1429,#1453,
    #1478,#1502,#1526,#1544,#1568,#1592,#1609,#1635,#1653,#1686,#1711,
    #1736,#1761,#1786,#1803,#1821,#1838,#1855,#1872,#1955,#1972,#1997,
    #2014,#2038,#2050,#2075,#2099,#2124,#2149,#2166,#2192,#2218,#2230,
    #2247,#2432,#2463,#2487,#2511,#2535,#2559,#2576,#2593,#2624,#2656,
    #2680,#2704,#2728,#2745,#2774,#2800,#2817,#2845,#2873,#2901,#2929,
    #2957,#2985,#3005,#3065,#3119,#3173,#3227,#3281,#3329));
#17 = ADVANCED_FACE('',(#18,#95),#106,.T.);
#18 = FACE_BOUND('',#19,.F.);
#19 = EDGE_LOOP('',(#20,#30,#39,#47,#56,#64,#72,#80,#88));
#20 = ORIENTED_EDGE('',*,*,#21,.T.);
#21 = EDGE_CURVE('',#22,#24,#26,.T.);
#22 = VERTEX_POINT('',#23);
#23 = CARTESIAN_POINT('',(45.449999904631,-69.498,0.219989163877));
#24 = VERTEX_POINT('',#25);
#25 = CARTESIAN_POINT('',(45.449999999999,-69.498,0.619989163877));
#26 = LINE('',#27,#28);
#27 = CARTESIAN_POINT('',(45.449997854231,-69.498,-8.380010836122));
#28 = VECTOR('',#29,1.);
#29 = DIRECTION('',(2.384185934109E-07,2.385E-14,1.));
#30 = ORIENTED_EDGE('',*,*,#31,.T.);
#31 = EDGE_CURVE('',#24,#32,#34,.T.);
#32 = VERTEX_POINT('',#33);
#33 = CARTESIAN_POINT('',(45.450000238417,-70.498,1.619989163877));
#34 = CIRCLE('',#35,1.);
#35 = AXIS2_PLACEMENT_3D('',#36,#37,#38);
#36 = CARTESIAN_POINT('',(45.449999999999,-70.498,0.619989163877));
#37 = DIRECTION('',(1.,-0.,-2.384185934109E-07));
#38 = DIRECTION('',(2.384185934109E-07,-0.,1.));
#39 = ORIENTED_EDGE('',*,*,#40,.T.);
#40 = EDGE_CURVE('',#32,#41,#43,.T.);
#41 = VERTEX_POINT('',#42);
#42 = CARTESIAN_POINT('',(45.450000238417,-76.498,1.619989163877));
#43 = LINE('',#44,#45);
#44 = CARTESIAN_POINT('',(45.450000238417,-69.498,1.619989163877));
#45 = VECTOR('',#46,1.);
#46 = DIRECTION('',(5.72204624186E-21,-1.,2.4E-14));
#47 = ORIENTED_EDGE('',*,*,#48,.T.);
#48 = EDGE_CURVE('',#41,#49,#51,.T.);
#49 = VERTEX_POINT('',#50);
#50 = CARTESIAN_POINT('',(45.449999999999,-77.498,0.619989163878));
#51 = CIRCLE('',#52,1.);
#52 = AXIS2_PLACEMENT_3D('',#53,#54,#55);
#53 = CARTESIAN_POINT('',(45.449999999999,-76.498,0.619989163877));
#54 = DIRECTION('',(1.,-0.,-2.384185934109E-07));
#55 = DIRECTION('',(2.384185934109E-07,-0.,1.));
#56 = ORIENTED_EDGE('',*,*,#57,.F.);
#57 = EDGE_CURVE('',#58,#49,#60,.T.);
#58 = VERTEX_POINT('',#59);
#59 = CARTESIAN_POINT('',(45.449997854231,-77.498,-8.380010836122));
#60 = LINE('',#61,#62);
#61 = CARTESIAN_POINT('',(45.449997854231,-77.498,-8.380010836122));
#62 = VECTOR('',#63,1.);
#63 = DIRECTION('',(2.384185934109E-07,2.385E-14,1.));
#64 = ORIENTED_EDGE('',*,*,#65,.T.);
#65 = EDGE_CURVE('',#58,#66,#68,.T.);
#66 = VERTEX_POINT('',#67);
#67 = CARTESIAN_POINT('',(45.449997854231,-53.348,-8.380010836123));
#68 = LINE('',#69,#70);
#69 = CARTESIAN_POINT('',(45.449997854231,-77.498,-8.380010836122));
#70 = VECTOR('',#71,1.);
#71 = DIRECTION('',(-5.72204624186E-21,1.,-2.4E-14));
#72 = ORIENTED_EDGE('',*,*,#73,.T.);
#73 = EDGE_CURVE('',#66,#74,#76,.T.);
#74 = VERTEX_POINT('',#75);
#75 = CARTESIAN_POINT('',(45.449998712538,-53.348,-4.780010836123));
#76 = LINE('',#77,#78);
#77 = CARTESIAN_POINT('',(45.449997854231,-53.348,-8.380010836123));
#78 = VECTOR('',#79,1.);
#79 = DIRECTION('',(2.384185934109E-07,2.385E-14,1.));
#80 = ORIENTED_EDGE('',*,*,#81,.F.);
#81 = EDGE_CURVE('',#82,#74,#84,.T.);
#82 = VERTEX_POINT('',#83);
#83 = CARTESIAN_POINT('',(45.449998712538,-64.498,-4.780010836123));
#84 = LINE('',#85,#86);
#85 = CARTESIAN_POINT('',(45.449998712538,-77.498,-4.780010836122));
#86 = VECTOR('',#87,1.);
#87 = DIRECTION('',(-5.72204624186E-21,1.,-2.4E-14));
#88 = ORIENTED_EDGE('',*,*,#89,.T.);
#89 = EDGE_CURVE('',#82,#22,#90,.T.);
#90 = CIRCLE('',#91,5.);
#91 = AXIS2_PLACEMENT_3D('',#92,#93,#94);
#92 = CARTESIAN_POINT('',(45.449999904631,-64.498,0.219989163877));
#93 = DIRECTION('',(-1.,0.,2.384185934109E-07));
#94 = DIRECTION('',(-2.384185934109E-07,-0.,-1.));
#95 = FACE_BOUND('',#96,.F.);
#96 = EDGE_LOOP('',(#97));
#97 = ORIENTED_EDGE('',*,*,#98,.T.);
#98 = EDGE_CURVE('',#99,#99,#101,.T.);
#99 = VERTEX_POINT('',#100);
#100 = CARTESIAN_POINT('',(45.449999940394,-73.498,0.369989163875));
#101 = CIRCLE('',#102,2.4);
#102 = AXIS2_PLACEMENT_3D('',#103,#104,#105);
#103 = CARTESIAN_POINT('',(45.449999368189,-73.498,-2.030010836125));
#104 = DIRECTION('',(-1.,0.,2.384185931888E-07));
#105 = DIRECTION('',(2.384185931888E-07,0.,1.));
#106 = PLANE('',#107);
#107 = AXIS2_PLACEMENT_3D('',#108,#109,#110);
#108 = CARTESIAN_POINT('',(45.44999868552,-66.93632357247,
    -4.893334408597));
#109 = DIRECTION('',(-1.,0.,2.384185940509E-07));
#110 = DIRECTION('',(-2.384185940509E-07,0.,-1.));
#111 = ADVANCED_FACE('',(#112),#137,.T.);
#112 = FACE_BOUND('',#113,.F.);
#113 = EDGE_LOOP('',(#114,#115,#123,#131));
#114 = ORIENTED_EDGE('',*,*,#21,.F.);
#115 = ORIENTED_EDGE('',*,*,#116,.T.);
#116 = EDGE_CURVE('',#22,#117,#119,.T.);
#117 = VERTEX_POINT('',#118);
#118 = CARTESIAN_POINT('',(50.799999904631,-69.498,0.219987888338));
#119 = LINE('',#120,#121);
#120 = CARTESIAN_POINT('',(45.449999904631,-69.498,0.219989163877));
#121 = VECTOR('',#122,1.);
#122 = DIRECTION('',(1.,0.,-2.384185934109E-07));
#123 = ORIENTED_EDGE('',*,*,#124,.T.);
#124 = EDGE_CURVE('',#117,#125,#127,.T.);
#125 = VERTEX_POINT('',#126);
#126 = CARTESIAN_POINT('',(50.799999999999,-69.498,0.619987888338));
#127 = LINE('',#128,#129);
#128 = CARTESIAN_POINT('',(50.799997854231,-69.498,-8.380012111662));
#129 = VECTOR('',#130,1.);
#130 = DIRECTION('',(2.384185934109E-07,2.385E-14,1.));
#131 = ORIENTED_EDGE('',*,*,#132,.T.);
#132 = EDGE_CURVE('',#125,#24,#133,.T.);
#133 = LINE('',#134,#135);
#134 = CARTESIAN_POINT('',(50.799999999999,-69.498,0.619987888338));
#135 = VECTOR('',#136,1.);
#136 = DIRECTION('',(-1.,-0.,2.384185934109E-07));
#137 = PLANE('',#138);
#138 = AXIS2_PLACEMENT_3D('',#139,#140,#141);
#139 = CARTESIAN_POINT('',(50.799997854231,-69.498,-8.380012111662));
#140 = DIRECTION('',(-5.686283452849E-21,1.,-2.385E-14));
#141 = DIRECTION('',(1.,0.,-2.384185934109E-07));
#142 = ADVANCED_FACE('',(#143),#162,.T.);
#143 = FACE_BOUND('',#144,.F.);
#144 = EDGE_LOOP('',(#145,#154,#160,#161));
#145 = ORIENTED_EDGE('',*,*,#146,.T.);
#146 = EDGE_CURVE('',#125,#147,#149,.T.);
#147 = VERTEX_POINT('',#148);
#148 = CARTESIAN_POINT('',(50.800000238417,-70.498,1.619987888338));
#149 = CIRCLE('',#150,1.);
#150 = AXIS2_PLACEMENT_3D('',#151,#152,#153);
#151 = CARTESIAN_POINT('',(50.799999999999,-70.498,0.619987888338));
#152 = DIRECTION('',(1.,-0.,-2.384185934109E-07));
#153 = DIRECTION('',(2.384185934109E-07,-0.,1.));
#154 = ORIENTED_EDGE('',*,*,#155,.T.);
#155 = EDGE_CURVE('',#147,#32,#156,.T.);
#156 = LINE('',#157,#158);
#157 = CARTESIAN_POINT('',(50.800000238417,-70.498,1.619987888338));
#158 = VECTOR('',#159,1.);
#159 = DIRECTION('',(-1.,-0.,2.384185934109E-07));
#160 = ORIENTED_EDGE('',*,*,#31,.F.);
#161 = ORIENTED_EDGE('',*,*,#132,.F.);
#162 = CYLINDRICAL_SURFACE('',#163,1.);
#163 = AXIS2_PLACEMENT_3D('',#164,#165,#166);
#164 = CARTESIAN_POINT('',(50.799999999999,-70.498,0.619987888338));
#165 = DIRECTION('',(-1.,-0.,2.384185934109E-07));
#166 = DIRECTION('',(-5.686283452849E-21,1.,-2.385E-14));
#167 = ADVANCED_FACE('',(#168),#187,.F.);
#168 = FACE_BOUND('',#169,.T.);
#169 = EDGE_LOOP('',(#170,#171,#172,#181));
#170 = ORIENTED_EDGE('',*,*,#89,.T.);
#171 = ORIENTED_EDGE('',*,*,#116,.T.);
#172 = ORIENTED_EDGE('',*,*,#173,.F.);
#173 = EDGE_CURVE('',#174,#117,#176,.T.);
#174 = VERTEX_POINT('',#175);
#175 = CARTESIAN_POINT('',(50.799998712538,-64.498,-4.780012111662));
#176 = CIRCLE('',#177,5.);
#177 = AXIS2_PLACEMENT_3D('',#178,#179,#180);
#178 = CARTESIAN_POINT('',(50.799999904631,-64.498,0.219987888338));
#179 = DIRECTION('',(-1.,0.,2.384185934109E-07));
#180 = DIRECTION('',(-2.384185934109E-07,-0.,-1.));
#181 = ORIENTED_EDGE('',*,*,#182,.F.);
#182 = EDGE_CURVE('',#82,#174,#183,.T.);
#183 = LINE('',#184,#185);
#184 = CARTESIAN_POINT('',(45.449998712538,-64.498,-4.780010836123));
#185 = VECTOR('',#186,1.);
#186 = DIRECTION('',(1.,0.,-2.384185934109E-07));
#187 = CYLINDRICAL_SURFACE('',#188,5.);
#188 = AXIS2_PLACEMENT_3D('',#189,#190,#191);
#189 = CARTESIAN_POINT('',(45.449999904631,-64.498,0.219989163877));
#190 = DIRECTION('',(1.,0.,-2.384185934109E-07));
#191 = DIRECTION('',(-2.384185934109E-07,-2.399174974858E-14,-1.));
#192 = ADVANCED_FACE('',(#193),#211,.T.);
#193 = FACE_BOUND('',#194,.F.);
#194 = EDGE_LOOP('',(#195,#196,#197,#205));
#195 = ORIENTED_EDGE('',*,*,#40,.F.);
#196 = ORIENTED_EDGE('',*,*,#155,.F.);
#197 = ORIENTED_EDGE('',*,*,#198,.T.);
#198 = EDGE_CURVE('',#147,#199,#201,.T.);
#199 = VERTEX_POINT('',#200);
#200 = CARTESIAN_POINT('',(50.800000238417,-76.498,1.619987888338));
#201 = LINE('',#202,#203);
#202 = CARTESIAN_POINT('',(50.800000238417,-69.498,1.619987888338));
#203 = VECTOR('',#204,1.);
#204 = DIRECTION('',(5.72204624186E-21,-1.,2.4E-14));
#205 = ORIENTED_EDGE('',*,*,#206,.T.);
#206 = EDGE_CURVE('',#199,#41,#207,.T.);
#207 = LINE('',#208,#209);
#208 = CARTESIAN_POINT('',(50.800000238417,-76.498,1.619987888338));
#209 = VECTOR('',#210,1.);
#210 = DIRECTION('',(-1.,-0.,2.384185934109E-07));
#211 = PLANE('',#212);
#212 = AXIS2_PLACEMENT_3D('',#213,#214,#215);
#213 = CARTESIAN_POINT('',(48.125000238417,-19.63133333333,
    1.619988526106));
#214 = DIRECTION('',(2.384185934109E-07,2.385E-14,1.));
#215 = DIRECTION('',(5.686283452849E-21,-1.,2.385E-14));
#216 = ADVANCED_FACE('',(#217,#285,#296,#330),#341,.T.);
#217 = FACE_BOUND('',#218,.F.);
#218 = EDGE_LOOP('',(#219,#220,#228,#237,#245,#253,#262,#270,#278,#284)
  );
#219 = ORIENTED_EDGE('',*,*,#81,.T.);
#220 = ORIENTED_EDGE('',*,*,#221,.T.);
#221 = EDGE_CURVE('',#74,#222,#224,.T.);
#222 = VERTEX_POINT('',#223);
#223 = CARTESIAN_POINT('',(30.859998712539,-51.348,-4.780007357596));
#224 = LINE('',#225,#226);
#225 = CARTESIAN_POINT('',(45.449998712538,-53.348,-4.780010836123));
#226 = VECTOR('',#227,1.);
#227 = DIRECTION('',(-0.99073488338,0.135810127948,2.362096140792E-07));
#228 = ORIENTED_EDGE('',*,*,#229,.T.);
#229 = EDGE_CURVE('',#222,#230,#232,.T.);
#230 = VERTEX_POINT('',#231);
#231 = CARTESIAN_POINT('',(30.859998712539,-39.348,-4.780007357596));
#232 = CIRCLE('',#233,6.);
#233 = AXIS2_PLACEMENT_3D('',#234,#235,#236);
#234 = CARTESIAN_POINT('',(30.859998712539,-45.348,-4.780007357596));
#235 = DIRECTION('',(-2.384185934109E-07,-2.4E-14,-1.));
#236 = DIRECTION('',(-1.,0.,2.384185934109E-07));
#237 = ORIENTED_EDGE('',*,*,#238,.T.);
#238 = EDGE_CURVE('',#230,#239,#241,.T.);
#239 = VERTEX_POINT('',#240);
#240 = CARTESIAN_POINT('',(45.449998712538,-37.348,-4.780010836123));
#241 = LINE('',#242,#243);
#242 = CARTESIAN_POINT('',(30.859998712539,-39.348,-4.780007357596));
#243 = VECTOR('',#244,1.);
#244 = DIRECTION('',(0.99073488338,0.135810127948,-2.362096205981E-07));
#245 = ORIENTED_EDGE('',*,*,#246,.T.);
#246 = EDGE_CURVE('',#239,#247,#249,.T.);
#247 = VERTEX_POINT('',#248);
#248 = CARTESIAN_POINT('',(45.449998712538,-31.87410633443,
    -4.780010836123));
#249 = LINE('',#250,#251);
#250 = CARTESIAN_POINT('',(45.449998712538,-37.348,-4.780010836123));
#251 = VECTOR('',#252,1.);
#252 = DIRECTION('',(-5.72204624186E-21,1.,-2.4E-14));
#253 = ORIENTED_EDGE('',*,*,#254,.T.);
#254 = EDGE_CURVE('',#247,#255,#257,.T.);
#255 = VERTEX_POINT('',#256);
#256 = CARTESIAN_POINT('',(45.449998712538,-26.38189366556,
    -4.780010836124));
#257 = CIRCLE('',#258,3.5);
#258 = AXIS2_PLACEMENT_3D('',#259,#260,#261);
#259 = CARTESIAN_POINT('',(47.619998712538,-29.128,-4.780011353492));
#260 = DIRECTION('',(-2.384185934109E-07,-2.38487815026E-14,-1.));
#261 = DIRECTION('',(-2.22050290918E-16,1.,-2.384878144966E-14));
#262 = ORIENTED_EDGE('',*,*,#263,.T.);
#263 = EDGE_CURVE('',#255,#264,#266,.T.);
#264 = VERTEX_POINT('',#265);
#265 = CARTESIAN_POINT('',(45.449998712538,-22.99,-4.780010836124));
#266 = LINE('',#267,#268);
#267 = CARTESIAN_POINT('',(45.449998712538,-37.348,-4.780010836123));
#268 = VECTOR('',#269,1.);
#269 = DIRECTION('',(-5.72204624186E-21,1.,-2.4E-14));
#270 = ORIENTED_EDGE('',*,*,#271,.F.);
#271 = EDGE_CURVE('',#272,#264,#274,.T.);
#272 = VERTEX_POINT('',#273);
#273 = CARTESIAN_POINT('',(50.799998712538,-22.99,-4.780012111663));
#274 = LINE('',#275,#276);
#275 = CARTESIAN_POINT('',(50.799998712538,-22.99,-4.780012111663));
#276 = VECTOR('',#277,1.);
#277 = DIRECTION('',(-1.,0.,2.384185934109E-07));
#278 = ORIENTED_EDGE('',*,*,#279,.T.);
#279 = EDGE_CURVE('',#272,#174,#280,.T.);
#280 = LINE('',#281,#282);
#281 = CARTESIAN_POINT('',(50.799998712538,39.252,-4.780012111665));
#282 = VECTOR('',#283,1.);
#283 = DIRECTION('',(3.000572204624E-17,-1.,2.399999999285E-14));
#284 = ORIENTED_EDGE('',*,*,#182,.F.);
#285 = FACE_BOUND('',#286,.F.);
#286 = EDGE_LOOP('',(#287));
#287 = ORIENTED_EDGE('',*,*,#288,.F.);
#288 = EDGE_CURVE('',#289,#289,#291,.T.);
#289 = VERTEX_POINT('',#290);
#290 = CARTESIAN_POINT('',(29.109998712539,-45.348,-4.780006940363));
#291 = CIRCLE('',#292,1.75);
#292 = AXIS2_PLACEMENT_3D('',#293,#294,#295);
#293 = CARTESIAN_POINT('',(30.859998712539,-45.348,-4.780007357596));
#294 = DIRECTION('',(-2.384185934109E-07,-2.399174974858E-14,-1.));
#295 = DIRECTION('',(-1.,9.272145405006E-14,2.384185934109E-07));
#296 = FACE_BOUND('',#297,.F.);
#297 = EDGE_LOOP('',(#298,#308,#316,#324));
#298 = ORIENTED_EDGE('',*,*,#299,.T.);
#299 = EDGE_CURVE('',#300,#302,#304,.T.);
#300 = VERTEX_POINT('',#301);
#301 = CARTESIAN_POINT('',(43.859998712538,-48.848,-4.780010457037));
#302 = VERTEX_POINT('',#303);
#303 = CARTESIAN_POINT('',(43.859998712538,-44.848,-4.780010457038));
#304 = LINE('',#305,#306);
#305 = CARTESIAN_POINT('',(43.859998712538,-48.848,-4.780010457037));
#306 = VECTOR('',#307,1.);
#307 = DIRECTION('',(-5.685992940414E-21,1.,-2.38487815026E-14));
#308 = ORIENTED_EDGE('',*,*,#309,.T.);
#309 = EDGE_CURVE('',#302,#310,#312,.T.);
#310 = VERTEX_POINT('',#311);
#311 = CARTESIAN_POINT('',(35.859998712539,-44.848,-4.780008549689));
#312 = LINE('',#313,#314);
#313 = CARTESIAN_POINT('',(43.859998712538,-44.848,-4.780010457038));
#314 = VECTOR('',#315,1.);
#315 = DIRECTION('',(-1.,0.,2.384185934109E-07));
#316 = ORIENTED_EDGE('',*,*,#317,.T.);
#317 = EDGE_CURVE('',#310,#318,#320,.T.);
#318 = VERTEX_POINT('',#319);
#319 = CARTESIAN_POINT('',(35.859998712539,-48.848,-4.780008549689));
#320 = LINE('',#321,#322);
#321 = CARTESIAN_POINT('',(35.859998712539,-44.848,-4.780008549689));
#322 = VECTOR('',#323,1.);
#323 = DIRECTION('',(5.685992940414E-21,-1.,2.38487815026E-14));
#324 = ORIENTED_EDGE('',*,*,#325,.T.);
#325 = EDGE_CURVE('',#318,#300,#326,.T.);
#326 = LINE('',#327,#328);
#327 = CARTESIAN_POINT('',(35.859998712539,-48.848,-4.780008549689));
#328 = VECTOR('',#329,1.);
#329 = DIRECTION('',(1.,0.,-2.384185934109E-07));
#330 = FACE_BOUND('',#331,.F.);
#331 = EDGE_LOOP('',(#332));
#332 = ORIENTED_EDGE('',*,*,#333,.T.);
#333 = EDGE_CURVE('',#334,#334,#336,.T.);
#334 = VERTEX_POINT('',#335);
#335 = CARTESIAN_POINT('',(45.969998712538,-29.128,-4.780010960101));
#336 = CIRCLE('',#337,1.65);
#337 = AXIS2_PLACEMENT_3D('',#338,#339,#340);
#338 = CARTESIAN_POINT('',(47.619998712538,-29.128,-4.780011353492));
#339 = DIRECTION('',(2.384185934109E-07,2.38487815026E-14,1.));
#340 = DIRECTION('',(-1.,0.,2.384185934109E-07));
#341 = PLANE('',#342);
#342 = AXIS2_PLACEMENT_3D('',#343,#344,#345);
#343 = CARTESIAN_POINT('',(43.830491414715,-43.82298887596,
    -4.780010450002));
#344 = DIRECTION('',(2.384185934109E-07,2.399174974858E-14,1.));
#345 = DIRECTION('',(5.720079228522E-21,-1.,2.399174974858E-14));
#346 = ADVANCED_FACE('',(#347),#366,.T.);
#347 = FACE_BOUND('',#348,.F.);
#348 = EDGE_LOOP('',(#349,#358,#364,#365));
#349 = ORIENTED_EDGE('',*,*,#350,.T.);
#350 = EDGE_CURVE('',#199,#351,#353,.T.);
#351 = VERTEX_POINT('',#352);
#352 = CARTESIAN_POINT('',(50.799999999999,-77.498,0.619987888338));
#353 = CIRCLE('',#354,1.);
#354 = AXIS2_PLACEMENT_3D('',#355,#356,#357);
#355 = CARTESIAN_POINT('',(50.799999999999,-76.498,0.619987888338));
#356 = DIRECTION('',(1.,-0.,-2.384185934109E-07));
#357 = DIRECTION('',(2.384185934109E-07,-0.,1.));
#358 = ORIENTED_EDGE('',*,*,#359,.T.);
#359 = EDGE_CURVE('',#351,#49,#360,.T.);
#360 = LINE('',#361,#362);
#361 = CARTESIAN_POINT('',(50.799999999999,-77.498,0.619987888338));
#362 = VECTOR('',#363,1.);
#363 = DIRECTION('',(-1.,-0.,2.384185934109E-07));
#364 = ORIENTED_EDGE('',*,*,#48,.F.);
#365 = ORIENTED_EDGE('',*,*,#206,.F.);
#366 = CYLINDRICAL_SURFACE('',#367,1.);
#367 = AXIS2_PLACEMENT_3D('',#368,#369,#370);
#368 = CARTESIAN_POINT('',(50.799999999999,-76.498,0.619987888338));
#369 = DIRECTION('',(-1.,-0.,2.384185934109E-07));
#370 = DIRECTION('',(2.384185934109E-07,2.385E-14,1.));
#371 = ADVANCED_FACE('',(#372),#390,.F.);
#372 = FACE_BOUND('',#373,.T.);
#373 = EDGE_LOOP('',(#374,#375,#376,#384));
#374 = ORIENTED_EDGE('',*,*,#73,.T.);
#375 = ORIENTED_EDGE('',*,*,#221,.T.);
#376 = ORIENTED_EDGE('',*,*,#377,.F.);
#377 = EDGE_CURVE('',#378,#222,#380,.T.);
#378 = VERTEX_POINT('',#379);
#379 = CARTESIAN_POINT('',(30.859997854232,-51.348,-8.380007357596));
#380 = LINE('',#381,#382);
#381 = CARTESIAN_POINT('',(30.859997854232,-51.348,-8.380007357596));
#382 = VECTOR('',#383,1.);
#383 = DIRECTION('',(2.384185934109E-07,2.385E-14,1.));
#384 = ORIENTED_EDGE('',*,*,#385,.F.);
#385 = EDGE_CURVE('',#66,#378,#386,.T.);
#386 = LINE('',#387,#388);
#387 = CARTESIAN_POINT('',(45.449997854231,-53.348,-8.380010836123));
#388 = VECTOR('',#389,1.);
#389 = DIRECTION('',(-0.99073488338,0.135810127948,2.362096140792E-07));
#390 = PLANE('',#391);
#391 = AXIS2_PLACEMENT_3D('',#392,#393,#394);
#392 = CARTESIAN_POINT('',(45.449997854231,-53.348,-8.380010836123));
#393 = DIRECTION('',(0.135810127948,0.99073488338,-3.23796833063E-08));
#394 = DIRECTION('',(0.99073488338,-0.135810127948,-2.362096140986E-07)
  );
#395 = ADVANCED_FACE('',(#396),#414,.T.);
#396 = FACE_BOUND('',#397,.F.);
#397 = EDGE_LOOP('',(#398,#406,#412,#413));
#398 = ORIENTED_EDGE('',*,*,#399,.F.);
#399 = EDGE_CURVE('',#400,#351,#402,.T.);
#400 = VERTEX_POINT('',#401);
#401 = CARTESIAN_POINT('',(50.799997854231,-77.498,-8.380012111662));
#402 = LINE('',#403,#404);
#403 = CARTESIAN_POINT('',(50.799997854231,-77.498,-8.380012111662));
#404 = VECTOR('',#405,1.);
#405 = DIRECTION('',(2.384185934109E-07,2.385E-14,1.));
#406 = ORIENTED_EDGE('',*,*,#407,.T.);
#407 = EDGE_CURVE('',#400,#58,#408,.T.);
#408 = LINE('',#409,#410);
#409 = CARTESIAN_POINT('',(50.799997854231,-77.498,-8.380012111662));
#410 = VECTOR('',#411,1.);
#411 = DIRECTION('',(-1.,0.,2.384185934109E-07));
#412 = ORIENTED_EDGE('',*,*,#57,.T.);
#413 = ORIENTED_EDGE('',*,*,#359,.F.);
#414 = PLANE('',#415);
#415 = AXIS2_PLACEMENT_3D('',#416,#417,#418);
#416 = CARTESIAN_POINT('',(48.124999046324,-77.498,-3.380011473892));
#417 = DIRECTION('',(5.457401603174E-21,-1.,2.289E-14));
#418 = DIRECTION('',(2.384185934109E-07,2.289E-14,1.));
#419 = ADVANCED_FACE('',(#420,#470,#605,#616,#650,#661),#711,.T.);
#420 = FACE_BOUND('',#421,.F.);
#421 = EDGE_LOOP('',(#422,#432,#440,#448,#456,#464));
#422 = ORIENTED_EDGE('',*,*,#423,.T.);
#423 = EDGE_CURVE('',#424,#426,#428,.T.);
#424 = VERTEX_POINT('',#425);
#425 = CARTESIAN_POINT('',(32.808572988827,27.876968864516,
    -8.380007822174));
#426 = VERTEX_POINT('',#427);
#427 = CARTESIAN_POINT('',(28.911422719637,27.876968864516,
    -8.380006893021));
#428 = LINE('',#429,#430);
#429 = CARTESIAN_POINT('',(32.519897854232,27.876968864516,
    -8.380007753348));
#430 = VECTOR('',#431,1.);
#431 = DIRECTION('',(-1.,0.,2.384185934109E-07));
#432 = ORIENTED_EDGE('',*,*,#433,.T.);
#433 = EDGE_CURVE('',#426,#434,#436,.T.);
#434 = VERTEX_POINT('',#435);
#435 = CARTESIAN_POINT('',(26.962847585042,31.252,-8.380006428444));
#436 = LINE('',#437,#438);
#437 = CARTESIAN_POINT('',(28.76708515234,28.126968864516,
    -8.380006858608));
#438 = VECTOR('',#439,1.);
#439 = DIRECTION('',(-0.5,0.866025403784,1.192092760518E-07));
#440 = ORIENTED_EDGE('',*,*,#441,.T.);
#441 = EDGE_CURVE('',#434,#442,#444,.T.);
#442 = VERTEX_POINT('',#443);
#443 = CARTESIAN_POINT('',(28.911422719637,34.627031135484,
    -8.380006893021));
#444 = LINE('',#445,#446);
#445 = CARTESIAN_POINT('',(27.10718515234,31.502,-8.380006462857));
#446 = VECTOR('',#447,1.);
#447 = DIRECTION('',(0.5,0.866025403784,-1.192093173591E-07));
#448 = ORIENTED_EDGE('',*,*,#449,.T.);
#449 = EDGE_CURVE('',#442,#450,#452,.T.);
#450 = VERTEX_POINT('',#451);
#451 = CARTESIAN_POINT('',(32.808572988827,34.627031135484,
    -8.380007822174));
#452 = LINE('',#453,#454);
#453 = CARTESIAN_POINT('',(29.200097854232,34.627031135484,
    -8.380006961847));
#454 = VECTOR('',#455,1.);
#455 = DIRECTION('',(1.,0.,-2.384185934109E-07));
#456 = ORIENTED_EDGE('',*,*,#457,.T.);
#457 = EDGE_CURVE('',#450,#458,#460,.T.);
#458 = VERTEX_POINT('',#459);
#459 = CARTESIAN_POINT('',(34.757148123421,31.252,-8.380008286751));
#460 = LINE('',#461,#462);
#461 = CARTESIAN_POINT('',(32.952910556124,34.377031135484,
    -8.380007856587));
#462 = VECTOR('',#463,1.);
#463 = DIRECTION('',(0.5,-0.866025403784,-1.192092760518E-07));
#464 = ORIENTED_EDGE('',*,*,#465,.T.);
#465 = EDGE_CURVE('',#458,#424,#466,.T.);
#466 = LINE('',#467,#468);
#467 = CARTESIAN_POINT('',(34.612810556124,31.002,-8.380008252338));
#468 = VECTOR('',#469,1.);
#469 = DIRECTION('',(-0.5,-0.866025403784,1.192093173591E-07));
#470 = FACE_BOUND('',#471,.F.);
#471 = EDGE_LOOP('',(#472,#482,#490,#499,#507,#515,#524,#532,#540,#548,
    #556,#564,#573,#581,#589,#596,#597,#598,#599));
#472 = ORIENTED_EDGE('',*,*,#473,.F.);
#473 = EDGE_CURVE('',#474,#476,#478,.T.);
#474 = VERTEX_POINT('',#475);
#475 = CARTESIAN_POINT('',(45.449997854231,39.252,-8.380010836125));
#476 = VERTEX_POINT('',#477);
#477 = CARTESIAN_POINT('',(50.799997854231,39.252,-8.380012111664));
#478 = LINE('',#479,#480);
#479 = CARTESIAN_POINT('',(45.449997854231,39.252,-8.380010836125));
#480 = VECTOR('',#481,1.);
#481 = DIRECTION('',(1.,0.,-2.384185934109E-07));
#482 = ORIENTED_EDGE('',*,*,#483,.F.);
#483 = EDGE_CURVE('',#484,#474,#486,.T.);
#484 = VERTEX_POINT('',#485);
#485 = CARTESIAN_POINT('',(30.859999932693,37.252,-8.380007357598));
#486 = LINE('',#487,#488);
#487 = CARTESIAN_POINT('',(30.859999932693,37.252,-8.380007357598));
#488 = VECTOR('',#489,1.);
#489 = DIRECTION('',(0.990734880777,0.135810146938,-2.362096199774E-07)
  );
#490 = ORIENTED_EDGE('',*,*,#491,.F.);
#491 = EDGE_CURVE('',#492,#484,#494,.T.);
#492 = VERTEX_POINT('',#493);
#493 = CARTESIAN_POINT('',(30.859997854232,25.252,-8.380007357597));
#494 = CIRCLE('',#495,6.);
#495 = AXIS2_PLACEMENT_3D('',#496,#497,#498);
#496 = CARTESIAN_POINT('',(30.859997854232,31.252,-8.380007357598));
#497 = DIRECTION('',(-2.384185934109E-07,-2.4E-14,-1.));
#498 = DIRECTION('',(-1.,0.,2.384185934109E-07));
#499 = ORIENTED_EDGE('',*,*,#500,.F.);
#500 = EDGE_CURVE('',#501,#492,#503,.T.);
#501 = VERTEX_POINT('',#502);
#502 = CARTESIAN_POINT('',(45.449997854231,23.252,-8.380010836125));
#503 = LINE('',#504,#505);
#504 = CARTESIAN_POINT('',(45.449997854231,23.252,-8.380010836125));
#505 = VECTOR('',#506,1.);
#506 = DIRECTION('',(-0.99073488338,0.135810127948,2.362096140792E-07));
#507 = ORIENTED_EDGE('',*,*,#508,.F.);
#508 = EDGE_CURVE('',#509,#501,#511,.T.);
#509 = VERTEX_POINT('',#510);
#510 = CARTESIAN_POINT('',(45.449997854231,18.068106334431,
    -8.380010836125));
#511 = LINE('',#512,#513);
#512 = CARTESIAN_POINT('',(45.449997854231,-37.348,-8.380010836123));
#513 = VECTOR('',#514,1.);
#514 = DIRECTION('',(-5.72204624186E-21,1.,-2.4E-14));
#515 = ORIENTED_EDGE('',*,*,#516,.F.);
#516 = EDGE_CURVE('',#517,#509,#519,.T.);
#517 = VERTEX_POINT('',#518);
#518 = CARTESIAN_POINT('',(45.449997854231,12.575893665569,
    -8.380010836124));
#519 = CIRCLE('',#520,3.5);
#520 = AXIS2_PLACEMENT_3D('',#521,#522,#523);
#521 = CARTESIAN_POINT('',(47.619997854231,15.322,-8.380011353493));
#522 = DIRECTION('',(-2.384185934109E-07,-2.38487815026E-14,-1.));
#523 = DIRECTION('',(-2.22050290918E-16,1.,-2.384878144966E-14));
#524 = ORIENTED_EDGE('',*,*,#525,.F.);
#525 = EDGE_CURVE('',#526,#517,#528,.T.);
#526 = VERTEX_POINT('',#527);
#527 = CARTESIAN_POINT('',(45.449997854231,-9.498,-8.380010836124));
#528 = LINE('',#529,#530);
#529 = CARTESIAN_POINT('',(45.449997854231,-37.348,-8.380010836123));
#530 = VECTOR('',#531,1.);
#531 = DIRECTION('',(-5.72204624186E-21,1.,-2.4E-14));
#532 = ORIENTED_EDGE('',*,*,#533,.T.);
#533 = EDGE_CURVE('',#526,#534,#536,.T.);
#534 = VERTEX_POINT('',#535);
#535 = CARTESIAN_POINT('',(42.799997854231,-9.498,-8.380010204315));
#536 = LINE('',#537,#538);
#537 = CARTESIAN_POINT('',(50.799997854231,-9.498,-8.380012111663));
#538 = VECTOR('',#539,1.);
#539 = DIRECTION('',(-1.,0.,2.384185934109E-07));
#540 = ORIENTED_EDGE('',*,*,#541,.T.);
#541 = EDGE_CURVE('',#534,#542,#544,.T.);
#542 = VERTEX_POINT('',#543);
#543 = CARTESIAN_POINT('',(42.799997854231,-17.498,-8.380010204314));
#544 = LINE('',#545,#546);
#545 = CARTESIAN_POINT('',(42.799997854231,-9.498,-8.380010204315));
#546 = VECTOR('',#547,1.);
#547 = DIRECTION('',(5.685992940414E-21,-1.,2.38487815026E-14));
#548 = ORIENTED_EDGE('',*,*,#549,.F.);
#549 = EDGE_CURVE('',#550,#542,#552,.T.);
#550 = VERTEX_POINT('',#551);
#551 = CARTESIAN_POINT('',(45.449997854231,-17.498,-8.380010836124));
#552 = LINE('',#553,#554);
#553 = CARTESIAN_POINT('',(50.799997854231,-17.498,-8.380012111663));
#554 = VECTOR('',#555,1.);
#555 = DIRECTION('',(-1.,5.329E-14,2.384185934109E-07));
#556 = ORIENTED_EDGE('',*,*,#557,.F.);
#557 = EDGE_CURVE('',#558,#550,#560,.T.);
#558 = VERTEX_POINT('',#559);
#559 = CARTESIAN_POINT('',(45.449997854231,-26.38189366556,
    -8.380010836123));
#560 = LINE('',#561,#562);
#561 = CARTESIAN_POINT('',(45.449997854231,-37.348,-8.380010836123));
#562 = VECTOR('',#563,1.);
#563 = DIRECTION('',(-5.72204624186E-21,1.,-2.4E-14));
#564 = ORIENTED_EDGE('',*,*,#565,.F.);
#565 = EDGE_CURVE('',#566,#558,#568,.T.);
#566 = VERTEX_POINT('',#567);
#567 = CARTESIAN_POINT('',(45.449997854231,-31.87410633443,
    -8.380010836123));
#568 = CIRCLE('',#569,3.5);
#569 = AXIS2_PLACEMENT_3D('',#570,#571,#572);
#570 = CARTESIAN_POINT('',(47.619997854231,-29.128,-8.380011353492));
#571 = DIRECTION('',(-2.384185934109E-07,-2.38487815026E-14,-1.));
#572 = DIRECTION('',(-2.22050290918E-16,1.,-2.384878144966E-14));
#573 = ORIENTED_EDGE('',*,*,#574,.F.);
#574 = EDGE_CURVE('',#575,#566,#577,.T.);
#575 = VERTEX_POINT('',#576);
#576 = CARTESIAN_POINT('',(45.449997854231,-37.348,-8.380010836123));
#577 = LINE('',#578,#579);
#578 = CARTESIAN_POINT('',(45.449997854231,-37.348,-8.380010836123));
#579 = VECTOR('',#580,1.);
#580 = DIRECTION('',(-5.72204624186E-21,1.,-2.4E-14));
#581 = ORIENTED_EDGE('',*,*,#582,.F.);
#582 = EDGE_CURVE('',#583,#575,#585,.T.);
#583 = VERTEX_POINT('',#584);
#584 = CARTESIAN_POINT('',(30.859997854232,-39.348,-8.380007357596));
#585 = LINE('',#586,#587);
#586 = CARTESIAN_POINT('',(30.859997854232,-39.348,-8.380007357596));
#587 = VECTOR('',#588,1.);
#588 = DIRECTION('',(0.99073488338,0.135810127948,-2.362096205981E-07));
#589 = ORIENTED_EDGE('',*,*,#590,.F.);
#590 = EDGE_CURVE('',#378,#583,#591,.T.);
#591 = CIRCLE('',#592,6.);
#592 = AXIS2_PLACEMENT_3D('',#593,#594,#595);
#593 = CARTESIAN_POINT('',(30.859997854232,-45.348,-8.380007357596));
#594 = DIRECTION('',(-2.384185934109E-07,-2.4E-14,-1.));
#595 = DIRECTION('',(-1.,0.,2.384185934109E-07));
#596 = ORIENTED_EDGE('',*,*,#385,.F.);
#597 = ORIENTED_EDGE('',*,*,#65,.F.);
#598 = ORIENTED_EDGE('',*,*,#407,.F.);
#599 = ORIENTED_EDGE('',*,*,#600,.F.);
#600 = EDGE_CURVE('',#476,#400,#601,.T.);
#601 = LINE('',#602,#603);
#602 = CARTESIAN_POINT('',(50.799997854231,39.252,-8.380012111664));
#603 = VECTOR('',#604,1.);
#604 = DIRECTION('',(3.000572204624E-17,-1.,2.399999999285E-14));
#605 = FACE_BOUND('',#606,.F.);
#606 = EDGE_LOOP('',(#607));
#607 = ORIENTED_EDGE('',*,*,#608,.T.);
#608 = EDGE_CURVE('',#609,#609,#611,.T.);
#609 = VERTEX_POINT('',#610);
#610 = CARTESIAN_POINT('',(45.469997854231,15.322,-8.380010840893));
#611 = CIRCLE('',#612,2.15);
#612 = AXIS2_PLACEMENT_3D('',#613,#614,#615);
#613 = CARTESIAN_POINT('',(47.619997854231,15.322,-8.380011353493));
#614 = DIRECTION('',(-2.384185934109E-07,-2.399575788266E-14,-1.));
#615 = DIRECTION('',(-1.,1.888542269291E-15,2.384185934109E-07));
#616 = FACE_BOUND('',#617,.F.);
#617 = EDGE_LOOP('',(#618,#628,#636,#644));
#618 = ORIENTED_EDGE('',*,*,#619,.F.);
#619 = EDGE_CURVE('',#620,#622,#624,.T.);
#620 = VERTEX_POINT('',#621);
#621 = CARTESIAN_POINT('',(43.859997854231,-44.848,-8.380010457037));
#622 = VERTEX_POINT('',#623);
#623 = CARTESIAN_POINT('',(35.859997854232,-44.848,-8.380008549689));
#624 = LINE('',#625,#626);
#625 = CARTESIAN_POINT('',(43.859997854231,-44.848,-8.380010457037));
#626 = VECTOR('',#627,1.);
#627 = DIRECTION('',(-1.,0.,2.384185934109E-07));
#628 = ORIENTED_EDGE('',*,*,#629,.F.);
#629 = EDGE_CURVE('',#630,#620,#632,.T.);
#630 = VERTEX_POINT('',#631);
#631 = CARTESIAN_POINT('',(43.859997854231,-48.848,-8.380010457037));
#632 = LINE('',#633,#634);
#633 = CARTESIAN_POINT('',(43.859997854231,-48.848,-8.380010457037));
#634 = VECTOR('',#635,1.);
#635 = DIRECTION('',(-5.685992940414E-21,1.,-2.38487815026E-14));
#636 = ORIENTED_EDGE('',*,*,#637,.F.);
#637 = EDGE_CURVE('',#638,#630,#640,.T.);
#638 = VERTEX_POINT('',#639);
#639 = CARTESIAN_POINT('',(35.859997854232,-48.848,-8.380008549689));
#640 = LINE('',#641,#642);
#641 = CARTESIAN_POINT('',(35.859997854232,-48.848,-8.380008549689));
#642 = VECTOR('',#643,1.);
#643 = DIRECTION('',(1.,0.,-2.384185934109E-07));
#644 = ORIENTED_EDGE('',*,*,#645,.F.);
#645 = EDGE_CURVE('',#622,#638,#646,.T.);
#646 = LINE('',#647,#648);
#647 = CARTESIAN_POINT('',(35.859997854232,-44.848,-8.380008549689));
#648 = VECTOR('',#649,1.);
#649 = DIRECTION('',(5.685992940414E-21,-1.,2.38487815026E-14));
#650 = FACE_BOUND('',#651,.F.);
#651 = EDGE_LOOP('',(#652));
#652 = ORIENTED_EDGE('',*,*,#653,.T.);
#653 = EDGE_CURVE('',#654,#654,#656,.T.);
#654 = VERTEX_POINT('',#655);
#655 = CARTESIAN_POINT('',(45.469997854231,-29.128,-8.380010840892));
#656 = CIRCLE('',#657,2.15);
#657 = AXIS2_PLACEMENT_3D('',#658,#659,#660);
#658 = CARTESIAN_POINT('',(47.619997854231,-29.128,-8.380011353492));
#659 = DIRECTION('',(-2.384185934109E-07,-2.399575788266E-14,-1.));
#660 = DIRECTION('',(-1.,8.119623666246E-16,2.384185934109E-07));
#661 = FACE_BOUND('',#662,.F.);
#662 = EDGE_LOOP('',(#663,#673,#681,#689,#697,#705));
#663 = ORIENTED_EDGE('',*,*,#664,.T.);
#664 = EDGE_CURVE('',#665,#667,#669,.T.);
#665 = VERTEX_POINT('',#666);
#666 = CARTESIAN_POINT('',(27.484966718747,-43.3994248654,
    -8.380006552926));
#667 = VERTEX_POINT('',#668);
#668 = CARTESIAN_POINT('',(30.859997854234,-41.45084973081,
    -8.380007357596));
#669 = LINE('',#670,#671);
#670 = CARTESIAN_POINT('',(27.734966718747,-43.2550872981,-8.38000661253
    ));
#671 = VECTOR('',#672,1.);
#672 = DIRECTION('',(0.866025403784,0.5,-2.064765705527E-07));
#673 = ORIENTED_EDGE('',*,*,#674,.T.);
#674 = EDGE_CURVE('',#667,#675,#677,.T.);
#675 = VERTEX_POINT('',#676);
#676 = CARTESIAN_POINT('',(34.235028989712,-43.39942486539,
    -8.380008162266));
#677 = LINE('',#678,#679);
#678 = CARTESIAN_POINT('',(31.109997854233,-41.5951872981,-8.3800074172)
  );
#679 = VECTOR('',#680,1.);
#680 = DIRECTION('',(0.866025403785,-0.499999999999,-2.06476546704E-07)
  );
#681 = ORIENTED_EDGE('',*,*,#682,.T.);
#682 = EDGE_CURVE('',#675,#683,#685,.T.);
#683 = VERTEX_POINT('',#684);
#684 = CARTESIAN_POINT('',(34.235028989717,-47.29657513459,
    -8.380008162266));
#685 = LINE('',#686,#687);
#686 = CARTESIAN_POINT('',(34.235028989712,-43.68809999999,
    -8.380008162266));
#687 = VECTOR('',#688,1.);
#688 = DIRECTION('',(1.442980005686E-12,-1.,2.384843746934E-14));
#689 = ORIENTED_EDGE('',*,*,#690,.T.);
#690 = EDGE_CURVE('',#683,#691,#693,.T.);
#691 = VERTEX_POINT('',#692);
#692 = CARTESIAN_POINT('',(30.859997854231,-49.24515026919,
    -8.380007357596));
#693 = LINE('',#694,#695);
#694 = CARTESIAN_POINT('',(33.985028989717,-47.44091270189,
    -8.380008102661));
#695 = VECTOR('',#696,1.);
#696 = DIRECTION('',(-0.866025403784,-0.5,2.064765705527E-07));
#697 = ORIENTED_EDGE('',*,*,#698,.T.);
#698 = EDGE_CURVE('',#691,#699,#701,.T.);
#699 = VERTEX_POINT('',#700);
#700 = CARTESIAN_POINT('',(27.484966718746,-47.29657513459,
    -8.380006552925));
#701 = LINE('',#702,#703);
#702 = CARTESIAN_POINT('',(30.60999785423,-49.10081270189,
    -8.380007297991));
#703 = VECTOR('',#704,1.);
#704 = DIRECTION('',(-0.866025403784,0.500000000001,2.064765467039E-07)
  );
#705 = ORIENTED_EDGE('',*,*,#706,.T.);
#706 = EDGE_CURVE('',#699,#665,#707,.T.);
#707 = LINE('',#708,#709);
#708 = CARTESIAN_POINT('',(27.484966718746,-47.00789999999,
    -8.380006552925));
#709 = VECTOR('',#710,1.);
#710 = DIRECTION('',(4.60569994314E-13,1.,-2.384889131105E-14));
#711 = PLANE('',#712);
#712 = AXIS2_PLACEMENT_3D('',#713,#714,#715);
#713 = CARTESIAN_POINT('',(43.970424000195,-16.55122699448,
    -8.380010483366));
#714 = DIRECTION('',(-2.384185934109E-07,-2.399369155013E-14,-1.));
#715 = DIRECTION('',(-5.720542190117E-21,1.,-2.399369155013E-14));
#716 = ADVANCED_FACE('',(#717),#736,.F.);
#717 = FACE_BOUND('',#718,.T.);
#718 = EDGE_LOOP('',(#719,#727,#728,#729));
#719 = ORIENTED_EDGE('',*,*,#720,.T.);
#720 = EDGE_CURVE('',#721,#99,#723,.T.);
#721 = VERTEX_POINT('',#722);
#722 = CARTESIAN_POINT('',(50.299999940394,-73.498,0.369988007545));
#723 = LINE('',#724,#725);
#724 = CARTESIAN_POINT('',(50.799999940394,-73.498,0.369987888335));
#725 = VECTOR('',#726,1.);
#726 = DIRECTION('',(-1.,0.,2.384185931888E-07));
#727 = ORIENTED_EDGE('',*,*,#98,.T.);
#728 = ORIENTED_EDGE('',*,*,#720,.F.);
#729 = ORIENTED_EDGE('',*,*,#730,.F.);
#730 = EDGE_CURVE('',#721,#721,#731,.T.);
#731 = CIRCLE('',#732,2.4);
#732 = AXIS2_PLACEMENT_3D('',#733,#734,#735);
#733 = CARTESIAN_POINT('',(50.299999368189,-73.498,-2.030011992455));
#734 = DIRECTION('',(-1.,0.,2.384185934109E-07));
#735 = DIRECTION('',(2.384185934109E-07,0.,1.));
#736 = CYLINDRICAL_SURFACE('',#737,2.4);
#737 = AXIS2_PLACEMENT_3D('',#738,#739,#740);
#738 = CARTESIAN_POINT('',(50.799999368189,-73.498,-2.030012111664));
#739 = DIRECTION('',(1.,0.,-2.384185931888E-07));
#740 = DIRECTION('',(2.384185931888E-07,0.,1.));
#741 = ADVANCED_FACE('',(#742,#894,#905,#916),#927,.T.);
#742 = FACE_BOUND('',#743,.F.);
#743 = EDGE_LOOP('',(#744,#745,#746,#747,#756,#764,#773,#781,#790,#798,
    #807,#815,#824,#832,#841,#849,#858,#866,#875,#883,#889,#890,#891,
    #892,#893));
#744 = ORIENTED_EDGE('',*,*,#124,.F.);
#745 = ORIENTED_EDGE('',*,*,#173,.F.);
#746 = ORIENTED_EDGE('',*,*,#279,.F.);
#747 = ORIENTED_EDGE('',*,*,#748,.T.);
#748 = EDGE_CURVE('',#272,#749,#751,.T.);
#749 = VERTEX_POINT('',#750);
#750 = CARTESIAN_POINT('',(50.799999904631,-17.99,0.219987888337));
#751 = CIRCLE('',#752,5.);
#752 = AXIS2_PLACEMENT_3D('',#753,#754,#755);
#753 = CARTESIAN_POINT('',(50.799999904631,-22.99,0.219987888337));
#754 = DIRECTION('',(1.,0.,-2.384185934109E-07));
#755 = DIRECTION('',(2.384185934109E-07,0.,1.));
#756 = ORIENTED_EDGE('',*,*,#757,.T.);
#757 = EDGE_CURVE('',#749,#758,#760,.T.);
#758 = VERTEX_POINT('',#759);
#759 = CARTESIAN_POINT('',(50.799999999999,-17.99,0.619987888337));
#760 = LINE('',#761,#762);
#761 = CARTESIAN_POINT('',(50.799998712538,-17.99,-4.780012111663));
#762 = VECTOR('',#763,1.);
#763 = DIRECTION('',(2.384185934109E-07,2.399174974858E-14,1.));
#764 = ORIENTED_EDGE('',*,*,#765,.T.);
#765 = EDGE_CURVE('',#758,#766,#768,.T.);
#766 = VERTEX_POINT('',#767);
#767 = CARTESIAN_POINT('',(50.800000238417,-16.99,1.619987888337));
#768 = CIRCLE('',#769,1.);
#769 = AXIS2_PLACEMENT_3D('',#770,#771,#772);
#770 = CARTESIAN_POINT('',(50.799999999999,-16.99,0.619987888337));
#771 = DIRECTION('',(-1.,0.,2.384185934109E-07));
#772 = DIRECTION('',(2.384185934109E-07,-0.,1.));
#773 = ORIENTED_EDGE('',*,*,#774,.F.);
#774 = EDGE_CURVE('',#775,#766,#777,.T.);
#775 = VERTEX_POINT('',#776);
#776 = CARTESIAN_POINT('',(50.800000238417,-10.,1.619987888336));
#777 = LINE('',#778,#779);
#778 = CARTESIAN_POINT('',(50.800000238417,-17.49,1.619987888337));
#779 = VECTOR('',#780,1.);
#780 = DIRECTION('',(5.720079228522E-21,-1.,2.399174974858E-14));
#781 = ORIENTED_EDGE('',*,*,#782,.T.);
#782 = EDGE_CURVE('',#775,#783,#785,.T.);
#783 = VERTEX_POINT('',#784);
#784 = CARTESIAN_POINT('',(50.799999999999,-9.,0.619987888336));
#785 = CIRCLE('',#786,1.);
#786 = AXIS2_PLACEMENT_3D('',#787,#788,#789);
#787 = CARTESIAN_POINT('',(50.799999999999,-10.,0.619987888336));
#788 = DIRECTION('',(-1.,0.,2.384185934109E-07));
#789 = DIRECTION('',(-2.384185934109E-07,-0.,-1.));
#790 = ORIENTED_EDGE('',*,*,#791,.F.);
#791 = EDGE_CURVE('',#792,#783,#794,.T.);
#792 = VERTEX_POINT('',#793);
#793 = CARTESIAN_POINT('',(50.799999904631,-9.,0.219987888336));
#794 = LINE('',#795,#796);
#795 = CARTESIAN_POINT('',(50.799998712538,-9.,-4.780012111663));
#796 = VECTOR('',#797,1.);
#797 = DIRECTION('',(2.384185934109E-07,2.399174974858E-14,1.));
#798 = ORIENTED_EDGE('',*,*,#799,.F.);
#799 = EDGE_CURVE('',#800,#792,#802,.T.);
#800 = VERTEX_POINT('',#801);
#801 = CARTESIAN_POINT('',(50.799998712538,-4.,-4.780012111664));
#802 = CIRCLE('',#803,5.);
#803 = AXIS2_PLACEMENT_3D('',#804,#805,#806);
#804 = CARTESIAN_POINT('',(50.799999904631,-4.,0.219987888336));
#805 = DIRECTION('',(-1.,0.,2.384185934109E-07));
#806 = DIRECTION('',(-2.384185934109E-07,-0.,-1.));
#807 = ORIENTED_EDGE('',*,*,#808,.F.);
#808 = EDGE_CURVE('',#809,#800,#811,.T.);
#809 = VERTEX_POINT('',#810);
#810 = CARTESIAN_POINT('',(50.799998712538,19.102,-4.780012111664));
#811 = LINE('',#812,#813);
#812 = CARTESIAN_POINT('',(50.799998712538,39.252,-4.780012111665));
#813 = VECTOR('',#814,1.);
#814 = DIRECTION('',(3.000572204624E-17,-1.,2.399999999285E-14));
#815 = ORIENTED_EDGE('',*,*,#816,.T.);
#816 = EDGE_CURVE('',#809,#817,#819,.T.);
#817 = VERTEX_POINT('',#818);
#818 = CARTESIAN_POINT('',(50.799999904631,24.102,0.219987888336));
#819 = CIRCLE('',#820,5.);
#820 = AXIS2_PLACEMENT_3D('',#821,#822,#823);
#821 = CARTESIAN_POINT('',(50.799999904631,19.102,0.219987888336));
#822 = DIRECTION('',(1.,0.,-2.384185934109E-07));
#823 = DIRECTION('',(2.384185934109E-07,0.,1.));
#824 = ORIENTED_EDGE('',*,*,#825,.T.);
#825 = EDGE_CURVE('',#817,#826,#828,.T.);
#826 = VERTEX_POINT('',#827);
#827 = CARTESIAN_POINT('',(50.799999999999,24.102,0.619987888336));
#828 = LINE('',#829,#830);
#829 = CARTESIAN_POINT('',(50.799997854231,24.102,-8.380012111664));
#830 = VECTOR('',#831,1.);
#831 = DIRECTION('',(2.384185934109E-07,2.385E-14,1.));
#832 = ORIENTED_EDGE('',*,*,#833,.F.);
#833 = EDGE_CURVE('',#834,#826,#836,.T.);
#834 = VERTEX_POINT('',#835);
#835 = CARTESIAN_POINT('',(50.800000238417,25.102,1.619987888336));
#836 = CIRCLE('',#837,1.);
#837 = AXIS2_PLACEMENT_3D('',#838,#839,#840);
#838 = CARTESIAN_POINT('',(50.799999999999,25.102,0.619987888336));
#839 = DIRECTION('',(1.,0.,-2.384185934109E-07));
#840 = DIRECTION('',(-2.384185934109E-07,-0.,-1.));
#841 = ORIENTED_EDGE('',*,*,#842,.T.);
#842 = EDGE_CURVE('',#834,#843,#845,.T.);
#843 = VERTEX_POINT('',#844);
#844 = CARTESIAN_POINT('',(50.800000238417,31.102,1.619987888335));
#845 = LINE('',#846,#847);
#846 = CARTESIAN_POINT('',(50.800000238417,24.102,1.619987888336));
#847 = VECTOR('',#848,1.);
#848 = DIRECTION('',(-5.72204624186E-21,1.,-2.4E-14));
#849 = ORIENTED_EDGE('',*,*,#850,.F.);
#850 = EDGE_CURVE('',#851,#843,#853,.T.);
#851 = VERTEX_POINT('',#852);
#852 = CARTESIAN_POINT('',(50.799999999999,32.102,0.619987888335));
#853 = CIRCLE('',#854,1.);
#854 = AXIS2_PLACEMENT_3D('',#855,#856,#857);
#855 = CARTESIAN_POINT('',(50.799999999999,31.102,0.619987888335));
#856 = DIRECTION('',(1.,-0.,-2.384185934109E-07));
#857 = DIRECTION('',(2.384185934109E-07,-0.,1.));
#858 = ORIENTED_EDGE('',*,*,#859,.F.);
#859 = EDGE_CURVE('',#860,#851,#862,.T.);
#860 = VERTEX_POINT('',#861);
#861 = CARTESIAN_POINT('',(50.799999904631,32.102,0.219987888335));
#862 = LINE('',#863,#864);
#863 = CARTESIAN_POINT('',(50.799997854231,32.102,-8.380012111664));
#864 = VECTOR('',#865,1.);
#865 = DIRECTION('',(2.384185934109E-07,2.385E-14,1.));
#866 = ORIENTED_EDGE('',*,*,#867,.F.);
#867 = EDGE_CURVE('',#868,#860,#870,.T.);
#868 = VERTEX_POINT('',#869);
#869 = CARTESIAN_POINT('',(50.799998712538,37.102,-4.780012111665));
#870 = CIRCLE('',#871,5.);
#871 = AXIS2_PLACEMENT_3D('',#872,#873,#874);
#872 = CARTESIAN_POINT('',(50.799999904631,37.102,0.219987888335));
#873 = DIRECTION('',(-1.,0.,2.384185934109E-07));
#874 = DIRECTION('',(-2.384185934109E-07,-0.,-1.));
#875 = ORIENTED_EDGE('',*,*,#876,.F.);
#876 = EDGE_CURVE('',#877,#868,#879,.T.);
#877 = VERTEX_POINT('',#878);
#878 = CARTESIAN_POINT('',(50.799998712538,39.252,-4.780012111665));
#879 = LINE('',#880,#881);
#880 = CARTESIAN_POINT('',(50.799998712538,39.252,-4.780012111665));
#881 = VECTOR('',#882,1.);
#882 = DIRECTION('',(3.000572204624E-17,-1.,2.399999999285E-14));
#883 = ORIENTED_EDGE('',*,*,#884,.F.);
#884 = EDGE_CURVE('',#476,#877,#885,.T.);
#885 = LINE('',#886,#887);
#886 = CARTESIAN_POINT('',(50.799997854231,39.252,-8.380012111664));
#887 = VECTOR('',#888,1.);
#888 = DIRECTION('',(2.384185934109E-07,2.385E-14,1.));
#889 = ORIENTED_EDGE('',*,*,#600,.T.);
#890 = ORIENTED_EDGE('',*,*,#399,.T.);
#891 = ORIENTED_EDGE('',*,*,#350,.F.);
#892 = ORIENTED_EDGE('',*,*,#198,.F.);
#893 = ORIENTED_EDGE('',*,*,#146,.F.);
#894 = FACE_BOUND('',#895,.F.);
#895 = EDGE_LOOP('',(#896));
#896 = ORIENTED_EDGE('',*,*,#897,.F.);
#897 = EDGE_CURVE('',#898,#898,#900,.T.);
#898 = VERTEX_POINT('',#899);
#899 = CARTESIAN_POINT('',(50.800000059603,-73.498,0.869987888335));
#900 = CIRCLE('',#901,2.9);
#901 = AXIS2_PLACEMENT_3D('',#902,#903,#904);
#902 = CARTESIAN_POINT('',(50.799999368189,-73.498,-2.030012111664));
#903 = DIRECTION('',(-1.,0.,2.384185934109E-07));
#904 = DIRECTION('',(2.384185934109E-07,0.,1.));
#905 = FACE_BOUND('',#906,.F.);
#906 = EDGE_LOOP('',(#907));
#907 = ORIENTED_EDGE('',*,*,#908,.F.);
#908 = EDGE_CURVE('',#909,#909,#911,.T.);
#909 = VERTEX_POINT('',#910);
#910 = CARTESIAN_POINT('',(50.800000059603,-13.498,0.869987888335));
#911 = CIRCLE('',#912,2.9);
#912 = AXIS2_PLACEMENT_3D('',#913,#914,#915);
#913 = CARTESIAN_POINT('',(50.799999368189,-13.498,-2.030012111664));
#914 = DIRECTION('',(-1.,0.,2.384185934109E-07));
#915 = DIRECTION('',(2.384185934109E-07,0.,1.));
#916 = FACE_BOUND('',#917,.F.);
#917 = EDGE_LOOP('',(#918));
#918 = ORIENTED_EDGE('',*,*,#919,.F.);
#919 = EDGE_CURVE('',#920,#920,#922,.T.);
#920 = VERTEX_POINT('',#921);
#921 = CARTESIAN_POINT('',(50.800000059603,28.102,0.869987888335));
#922 = CIRCLE('',#923,2.9);
#923 = AXIS2_PLACEMENT_3D('',#924,#925,#926);
#924 = CARTESIAN_POINT('',(50.799999368189,28.102,-2.030012111664));
#925 = DIRECTION('',(-1.,0.,2.384185934109E-07));
#926 = DIRECTION('',(2.384185934109E-07,0.,1.));
#927 = PLANE('',#928);
#928 = AXIS2_PLACEMENT_3D('',#929,#930,#931);
#929 = CARTESIAN_POINT('',(50.799998584023,-19.19280150483,
    -5.319044716464));
#930 = DIRECTION('',(1.,0.,-2.384185934109E-07));
#931 = DIRECTION('',(2.384185934109E-07,0.,1.));
#932 = ADVANCED_FACE('',(#933),#944,.T.);
#933 = FACE_BOUND('',#934,.T.);
#934 = EDGE_LOOP('',(#935,#936,#937,#943));
#935 = ORIENTED_EDGE('',*,*,#377,.T.);
#936 = ORIENTED_EDGE('',*,*,#229,.T.);
#937 = ORIENTED_EDGE('',*,*,#938,.F.);
#938 = EDGE_CURVE('',#583,#230,#939,.T.);
#939 = LINE('',#940,#941);
#940 = CARTESIAN_POINT('',(30.859997854232,-39.348,-8.380007357596));
#941 = VECTOR('',#942,1.);
#942 = DIRECTION('',(2.384185934109E-07,2.385E-14,1.));
#943 = ORIENTED_EDGE('',*,*,#590,.F.);
#944 = CYLINDRICAL_SURFACE('',#945,6.);
#945 = AXIS2_PLACEMENT_3D('',#946,#947,#948);
#946 = CARTESIAN_POINT('',(30.859997854232,-45.348,-8.380007357596));
#947 = DIRECTION('',(-2.384185934109E-07,-2.385E-14,-1.));
#948 = DIRECTION('',(-1.,0.,2.384185934109E-07));
#949 = ADVANCED_FACE('',(#950),#969,.F.);
#950 = FACE_BOUND('',#951,.T.);
#951 = EDGE_LOOP('',(#952,#953,#961,#968));
#952 = ORIENTED_EDGE('',*,*,#748,.T.);
#953 = ORIENTED_EDGE('',*,*,#954,.T.);
#954 = EDGE_CURVE('',#749,#955,#957,.T.);
#955 = VERTEX_POINT('',#956);
#956 = CARTESIAN_POINT('',(45.449999904631,-17.99,0.219989163876));
#957 = LINE('',#958,#959);
#958 = CARTESIAN_POINT('',(50.799999904631,-17.99,0.219987888337));
#959 = VECTOR('',#960,1.);
#960 = DIRECTION('',(-1.,0.,2.384185934109E-07));
#961 = ORIENTED_EDGE('',*,*,#962,.F.);
#962 = EDGE_CURVE('',#264,#955,#963,.T.);
#963 = CIRCLE('',#964,5.);
#964 = AXIS2_PLACEMENT_3D('',#965,#966,#967);
#965 = CARTESIAN_POINT('',(45.449999904631,-22.99,0.219989163876));
#966 = DIRECTION('',(1.,0.,-2.384185934109E-07));
#967 = DIRECTION('',(2.384185934109E-07,0.,1.));
#968 = ORIENTED_EDGE('',*,*,#271,.F.);
#969 = CYLINDRICAL_SURFACE('',#970,5.);
#970 = AXIS2_PLACEMENT_3D('',#971,#972,#973);
#971 = CARTESIAN_POINT('',(50.799999904631,-22.99,0.219987888337));
#972 = DIRECTION('',(-1.,0.,2.384185934109E-07));
#973 = DIRECTION('',(-2.384185934109E-07,-2.399174974858E-14,-1.));
#974 = ADVANCED_FACE('',(#975),#986,.F.);
#975 = FACE_BOUND('',#976,.T.);
#976 = EDGE_LOOP('',(#977,#978,#979,#985));
#977 = ORIENTED_EDGE('',*,*,#938,.T.);
#978 = ORIENTED_EDGE('',*,*,#238,.T.);
#979 = ORIENTED_EDGE('',*,*,#980,.F.);
#980 = EDGE_CURVE('',#575,#239,#981,.T.);
#981 = LINE('',#982,#983);
#982 = CARTESIAN_POINT('',(45.449997854231,-37.348,-8.380010836123));
#983 = VECTOR('',#984,1.);
#984 = DIRECTION('',(2.384185934109E-07,2.385E-14,1.));
#985 = ORIENTED_EDGE('',*,*,#582,.F.);
#986 = PLANE('',#987);
#987 = AXIS2_PLACEMENT_3D('',#988,#989,#990);
#988 = CARTESIAN_POINT('',(30.859997854232,-39.348,-8.380007357596));
#989 = DIRECTION('',(0.135810127948,-0.99073488338,-3.23796360463E-08));
#990 = DIRECTION('',(-0.99073488338,-0.135810127948,2.362096205786E-07)
  );
#991 = ADVANCED_FACE('',(#992,#1091),#1102,.T.);
#992 = FACE_BOUND('',#993,.F.);
#993 = EDGE_LOOP('',(#994,#1004,#1013,#1021,#1030,#1036,#1037,#1038,
    #1044,#1045,#1053,#1061,#1067,#1068,#1076,#1084));
#994 = ORIENTED_EDGE('',*,*,#995,.T.);
#995 = EDGE_CURVE('',#996,#998,#1000,.T.);
#996 = VERTEX_POINT('',#997);
#997 = CARTESIAN_POINT('',(45.449999904631,-9.,0.219989163876));
#998 = VERTEX_POINT('',#999);
#999 = CARTESIAN_POINT('',(45.449999999999,-9.,0.619989163876));
#1000 = LINE('',#1001,#1002);
#1001 = CARTESIAN_POINT('',(45.449998712538,-9.,-4.780010836124));
#1002 = VECTOR('',#1003,1.);
#1003 = DIRECTION('',(2.384185934109E-07,2.399174974858E-14,1.));
#1004 = ORIENTED_EDGE('',*,*,#1005,.F.);
#1005 = EDGE_CURVE('',#1006,#998,#1008,.T.);
#1006 = VERTEX_POINT('',#1007);
#1007 = CARTESIAN_POINT('',(45.450000238417,-10.,1.619989163876));
#1008 = CIRCLE('',#1009,1.);
#1009 = AXIS2_PLACEMENT_3D('',#1010,#1011,#1012);
#1010 = CARTESIAN_POINT('',(45.449999999999,-10.,0.619989163876));
#1011 = DIRECTION('',(-1.,0.,2.384185934109E-07));
#1012 = DIRECTION('',(-2.384185934109E-07,-0.,-1.));
#1013 = ORIENTED_EDGE('',*,*,#1014,.F.);
#1014 = EDGE_CURVE('',#1015,#1006,#1017,.T.);
#1015 = VERTEX_POINT('',#1016);
#1016 = CARTESIAN_POINT('',(45.450000238417,-16.99,1.619989163876));
#1017 = LINE('',#1018,#1019);
#1018 = CARTESIAN_POINT('',(45.450000238417,-9.5,1.619989163876));
#1019 = VECTOR('',#1020,1.);
#1020 = DIRECTION('',(-5.720079228522E-21,1.,-2.399174974858E-14));
#1021 = ORIENTED_EDGE('',*,*,#1022,.F.);
#1022 = EDGE_CURVE('',#1023,#1015,#1025,.T.);
#1023 = VERTEX_POINT('',#1024);
#1024 = CARTESIAN_POINT('',(45.449999999999,-17.99,0.619989163876));
#1025 = CIRCLE('',#1026,1.);
#1026 = AXIS2_PLACEMENT_3D('',#1027,#1028,#1029);
#1027 = CARTESIAN_POINT('',(45.449999999999,-16.99,0.619989163876));
#1028 = DIRECTION('',(-1.,0.,2.384185934109E-07));
#1029 = DIRECTION('',(2.384185934109E-07,-0.,1.));
#1030 = ORIENTED_EDGE('',*,*,#1031,.F.);
#1031 = EDGE_CURVE('',#955,#1023,#1032,.T.);
#1032 = LINE('',#1033,#1034);
#1033 = CARTESIAN_POINT('',(45.449998712538,-17.99,-4.780010836124));
#1034 = VECTOR('',#1035,1.);
#1035 = DIRECTION('',(2.384185934109E-07,2.399174974858E-14,1.));
#1036 = ORIENTED_EDGE('',*,*,#962,.F.);
#1037 = ORIENTED_EDGE('',*,*,#263,.F.);
#1038 = ORIENTED_EDGE('',*,*,#1039,.T.);
#1039 = EDGE_CURVE('',#255,#558,#1040,.T.);
#1040 = LINE('',#1041,#1042);
#1041 = CARTESIAN_POINT('',(45.449997854231,-26.38189366556,
    -8.380010836123));
#1042 = VECTOR('',#1043,1.);
#1043 = DIRECTION('',(-2.384185934109E-07,-2.38487815026E-14,-1.));
#1044 = ORIENTED_EDGE('',*,*,#557,.T.);
#1045 = ORIENTED_EDGE('',*,*,#1046,.T.);
#1046 = EDGE_CURVE('',#550,#1047,#1049,.T.);
#1047 = VERTEX_POINT('',#1048);
#1048 = CARTESIAN_POINT('',(45.449998712538,-17.498,-4.780010836124));
#1049 = LINE('',#1050,#1051);
#1050 = CARTESIAN_POINT('',(45.449998166067,-17.498,-7.072078824792));
#1051 = VECTOR('',#1052,1.);
#1052 = DIRECTION('',(2.384185940309E-07,2.38487815026E-14,1.));
#1053 = ORIENTED_EDGE('',*,*,#1054,.F.);
#1054 = EDGE_CURVE('',#1055,#1047,#1057,.T.);
#1055 = VERTEX_POINT('',#1056);
#1056 = CARTESIAN_POINT('',(45.449998712538,-9.498,-4.780010836124));
#1057 = LINE('',#1058,#1059);
#1058 = CARTESIAN_POINT('',(45.449998712538,-0.165351274787,
    -4.780010836124));
#1059 = VECTOR('',#1060,1.);
#1060 = DIRECTION('',(5.686094166781E-21,-1.,2.384920601472E-14));
#1061 = ORIENTED_EDGE('',*,*,#1062,.F.);
#1062 = EDGE_CURVE('',#526,#1055,#1063,.T.);
#1063 = LINE('',#1064,#1065);
#1064 = CARTESIAN_POINT('',(45.449998166067,-9.498,-7.072078824792));
#1065 = VECTOR('',#1066,1.);
#1066 = DIRECTION('',(2.384185940309E-07,2.38487815026E-14,1.));
#1067 = ORIENTED_EDGE('',*,*,#525,.T.);
#1068 = ORIENTED_EDGE('',*,*,#1069,.F.);
#1069 = EDGE_CURVE('',#1070,#517,#1072,.T.);
#1070 = VERTEX_POINT('',#1071);
#1071 = CARTESIAN_POINT('',(45.449998712538,12.575893665569,
    -4.780010836124));
#1072 = LINE('',#1073,#1074);
#1073 = CARTESIAN_POINT('',(45.449997854231,12.575893665569,
    -8.380010836124));
#1074 = VECTOR('',#1075,1.);
#1075 = DIRECTION('',(-2.384185934109E-07,-2.38487815026E-14,-1.));
#1076 = ORIENTED_EDGE('',*,*,#1077,.F.);
#1077 = EDGE_CURVE('',#1078,#1070,#1080,.T.);
#1078 = VERTEX_POINT('',#1079);
#1079 = CARTESIAN_POINT('',(45.449998712538,-4.,-4.780010836124));
#1080 = LINE('',#1081,#1082);
#1081 = CARTESIAN_POINT('',(45.449998712538,-37.348,-4.780010836123));
#1082 = VECTOR('',#1083,1.);
#1083 = DIRECTION('',(-5.72204624186E-21,1.,-2.4E-14));
#1084 = ORIENTED_EDGE('',*,*,#1085,.T.);
#1085 = EDGE_CURVE('',#1078,#996,#1086,.T.);
#1086 = CIRCLE('',#1087,5.);
#1087 = AXIS2_PLACEMENT_3D('',#1088,#1089,#1090);
#1088 = CARTESIAN_POINT('',(45.449999904631,-4.,0.219989163876));
#1089 = DIRECTION('',(-1.,0.,2.384185934109E-07));
#1090 = DIRECTION('',(-2.384185934109E-07,-0.,-1.));
#1091 = FACE_BOUND('',#1092,.F.);
#1092 = EDGE_LOOP('',(#1093));
#1093 = ORIENTED_EDGE('',*,*,#1094,.T.);
#1094 = EDGE_CURVE('',#1095,#1095,#1097,.T.);
#1095 = VERTEX_POINT('',#1096);
#1096 = CARTESIAN_POINT('',(45.449999940394,-13.498,0.369989163875));
#1097 = CIRCLE('',#1098,2.4);
#1098 = AXIS2_PLACEMENT_3D('',#1099,#1100,#1101);
#1099 = CARTESIAN_POINT('',(45.449999368189,-13.498,-2.030010836125));
#1100 = DIRECTION('',(-1.,0.,2.384185931888E-07));
#1101 = DIRECTION('',(2.384185931888E-07,0.,1.));
#1102 = PLANE('',#1103);
#1103 = AXIS2_PLACEMENT_3D('',#1104,#1105,#1106);
#1104 = CARTESIAN_POINT('',(45.44999862437,-8.157443981528,
    -5.149813641436));
#1105 = DIRECTION('',(-1.,0.,2.384185939421E-07));
#1106 = DIRECTION('',(-2.384185939421E-07,0.,-1.));
#1107 = ADVANCED_FACE('',(#1108),#1119,.T.);
#1108 = FACE_BOUND('',#1109,.F.);
#1109 = EDGE_LOOP('',(#1110,#1111,#1117,#1118));
#1110 = ORIENTED_EDGE('',*,*,#574,.T.);
#1111 = ORIENTED_EDGE('',*,*,#1112,.F.);
#1112 = EDGE_CURVE('',#247,#566,#1113,.T.);
#1113 = LINE('',#1114,#1115);
#1114 = CARTESIAN_POINT('',(45.449997854231,-31.87410633443,
    -8.380010836123));
#1115 = VECTOR('',#1116,1.);
#1116 = DIRECTION('',(-2.384185934109E-07,-2.38487815026E-14,-1.));
#1117 = ORIENTED_EDGE('',*,*,#246,.F.);
#1118 = ORIENTED_EDGE('',*,*,#980,.F.);
#1119 = PLANE('',#1120);
#1120 = AXIS2_PLACEMENT_3D('',#1121,#1122,#1123);
#1121 = CARTESIAN_POINT('',(45.449998477902,-7.632702549575,
    -5.764146813461));
#1122 = DIRECTION('',(-1.,0.,2.384185940309E-07));
#1123 = DIRECTION('',(-2.384185940309E-07,0.,-1.));
#1124 = ADVANCED_FACE('',(#1125),#1131,.T.);
#1125 = FACE_BOUND('',#1126,.T.);
#1126 = EDGE_LOOP('',(#1127,#1128,#1129,#1130));
#1127 = ORIENTED_EDGE('',*,*,#565,.F.);
#1128 = ORIENTED_EDGE('',*,*,#1112,.F.);
#1129 = ORIENTED_EDGE('',*,*,#254,.T.);
#1130 = ORIENTED_EDGE('',*,*,#1039,.T.);
#1131 = CYLINDRICAL_SURFACE('',#1132,3.5);
#1132 = AXIS2_PLACEMENT_3D('',#1133,#1134,#1135);
#1133 = CARTESIAN_POINT('',(47.619997854231,-29.128,-8.380011353492));
#1134 = DIRECTION('',(-2.384185934109E-07,-2.38487815026E-14,-1.));
#1135 = DIRECTION('',(-2.22050290918E-16,1.,-2.384878144966E-14));
#1136 = ADVANCED_FACE('',(#1137),#1157,.T.);
#1137 = FACE_BOUND('',#1138,.F.);
#1138 = EDGE_LOOP('',(#1139,#1140,#1149,#1156));
#1139 = ORIENTED_EDGE('',*,*,#288,.T.);
#1140 = ORIENTED_EDGE('',*,*,#1141,.T.);
#1141 = EDGE_CURVE('',#289,#1142,#1144,.T.);
#1142 = VERTEX_POINT('',#1143);
#1143 = CARTESIAN_POINT('',(29.159998711941,-45.348,-4.782513233731));
#1144 = CIRCLE('',#1145,0.5);
#1145 = AXIS2_PLACEMENT_3D('',#1146,#1147,#1148);
#1146 = CARTESIAN_POINT('',(29.10999859333,-45.348,-5.280006940363));
#1147 = DIRECTION('',(9.272144832998E-14,1.,-2.39917718551E-14));
#1148 = DIRECTION('',(-1.,9.272145405006E-14,2.384185934109E-07));
#1149 = ORIENTED_EDGE('',*,*,#1150,.F.);
#1150 = EDGE_CURVE('',#1142,#1142,#1151,.T.);
#1151 = CIRCLE('',#1152,1.7);
#1152 = AXIS2_PLACEMENT_3D('',#1153,#1154,#1155);
#1153 = CARTESIAN_POINT('',(30.859998711941,-45.348,-4.782513639042));
#1154 = DIRECTION('',(-2.384185934109E-07,-2.399174974858E-14,-1.));
#1155 = DIRECTION('',(5.720079228522E-21,-1.,2.399174974858E-14));
#1156 = ORIENTED_EDGE('',*,*,#1141,.F.);
#1157 = TOROIDAL_SURFACE('',#1158,1.75,0.5);
#1158 = AXIS2_PLACEMENT_3D('',#1159,#1160,#1161);
#1159 = CARTESIAN_POINT('',(30.859998593329,-45.348,-5.280007357596));
#1160 = DIRECTION('',(2.384185934109E-07,2.399174974858E-14,1.));
#1161 = DIRECTION('',(-1.,9.272145405006E-14,2.384185934109E-07));
#1162 = ADVANCED_FACE('',(#1163),#1179,.F.);
#1163 = FACE_BOUND('',#1164,.T.);
#1164 = EDGE_LOOP('',(#1165,#1171,#1172,#1178));
#1165 = ORIENTED_EDGE('',*,*,#1166,.T.);
#1166 = EDGE_CURVE('',#630,#300,#1167,.T.);
#1167 = LINE('',#1168,#1169);
#1168 = CARTESIAN_POINT('',(43.859997854231,-48.848,-8.380010457037));
#1169 = VECTOR('',#1170,1.);
#1170 = DIRECTION('',(2.384185934109E-07,2.38487815026E-14,1.));
#1171 = ORIENTED_EDGE('',*,*,#299,.T.);
#1172 = ORIENTED_EDGE('',*,*,#1173,.F.);
#1173 = EDGE_CURVE('',#620,#302,#1174,.T.);
#1174 = LINE('',#1175,#1176);
#1175 = CARTESIAN_POINT('',(43.859997854231,-44.848,-8.380010457037));
#1176 = VECTOR('',#1177,1.);
#1177 = DIRECTION('',(2.384185934109E-07,2.38487815026E-14,1.));
#1178 = ORIENTED_EDGE('',*,*,#629,.F.);
#1179 = PLANE('',#1180);
#1180 = AXIS2_PLACEMENT_3D('',#1181,#1182,#1183);
#1181 = CARTESIAN_POINT('',(43.859997854231,-48.848,-8.380010457037));
#1182 = DIRECTION('',(1.,0.,-2.384185934109E-07));
#1183 = DIRECTION('',(5.685992940414E-21,-1.,2.38487815026E-14));
#1184 = ADVANCED_FACE('',(#1185),#1196,.F.);
#1185 = FACE_BOUND('',#1186,.T.);
#1186 = EDGE_LOOP('',(#1187,#1193,#1194,#1195));
#1187 = ORIENTED_EDGE('',*,*,#1188,.T.);
#1188 = EDGE_CURVE('',#638,#318,#1189,.T.);
#1189 = LINE('',#1190,#1191);
#1190 = CARTESIAN_POINT('',(35.859997854232,-48.848,-8.380008549689));
#1191 = VECTOR('',#1192,1.);
#1192 = DIRECTION('',(2.384185934109E-07,2.38487815026E-14,1.));
#1193 = ORIENTED_EDGE('',*,*,#325,.T.);
#1194 = ORIENTED_EDGE('',*,*,#1166,.F.);
#1195 = ORIENTED_EDGE('',*,*,#637,.F.);
#1196 = PLANE('',#1197);
#1197 = AXIS2_PLACEMENT_3D('',#1198,#1199,#1200);
#1198 = CARTESIAN_POINT('',(35.859997854232,-48.848,-8.380008549689));
#1199 = DIRECTION('',(5.685992940414E-21,-1.,2.38487815026E-14));
#1200 = DIRECTION('',(-1.,0.,2.384185934109E-07));
#1201 = ADVANCED_FACE('',(#1202),#1213,.F.);
#1202 = FACE_BOUND('',#1203,.T.);
#1203 = EDGE_LOOP('',(#1204,#1205,#1206,#1212));
#1204 = ORIENTED_EDGE('',*,*,#1173,.T.);
#1205 = ORIENTED_EDGE('',*,*,#309,.T.);
#1206 = ORIENTED_EDGE('',*,*,#1207,.F.);
#1207 = EDGE_CURVE('',#622,#310,#1208,.T.);
#1208 = LINE('',#1209,#1210);
#1209 = CARTESIAN_POINT('',(35.859997854232,-44.848,-8.380008549689));
#1210 = VECTOR('',#1211,1.);
#1211 = DIRECTION('',(2.384185934109E-07,2.38487815026E-14,1.));
#1212 = ORIENTED_EDGE('',*,*,#619,.F.);
#1213 = PLANE('',#1214);
#1214 = AXIS2_PLACEMENT_3D('',#1215,#1216,#1217);
#1215 = CARTESIAN_POINT('',(43.859997854231,-44.848,-8.380010457037));
#1216 = DIRECTION('',(-5.685992940414E-21,1.,-2.38487815026E-14));
#1217 = DIRECTION('',(1.,0.,-2.384185934109E-07));
#1218 = ADVANCED_FACE('',(#1219),#1225,.F.);
#1219 = FACE_BOUND('',#1220,.T.);
#1220 = EDGE_LOOP('',(#1221,#1222,#1223,#1224));
#1221 = ORIENTED_EDGE('',*,*,#1207,.T.);
#1222 = ORIENTED_EDGE('',*,*,#317,.T.);
#1223 = ORIENTED_EDGE('',*,*,#1188,.F.);
#1224 = ORIENTED_EDGE('',*,*,#645,.F.);
#1225 = PLANE('',#1226);
#1226 = AXIS2_PLACEMENT_3D('',#1227,#1228,#1229);
#1227 = CARTESIAN_POINT('',(35.859997854232,-44.848,-8.380008549689));
#1228 = DIRECTION('',(-1.,0.,2.384185934109E-07));
#1229 = DIRECTION('',(-5.685992940414E-21,1.,-2.38487815026E-14));
#1230 = ADVANCED_FACE('',(#1231),#1250,.F.);
#1231 = FACE_BOUND('',#1232,.F.);
#1232 = EDGE_LOOP('',(#1233,#1241,#1248,#1249));
#1233 = ORIENTED_EDGE('',*,*,#1234,.F.);
#1234 = EDGE_CURVE('',#1235,#334,#1237,.T.);
#1235 = VERTEX_POINT('',#1236);
#1236 = CARTESIAN_POINT('',(45.969997973441,-29.128,-7.880010960101));
#1237 = LINE('',#1238,#1239);
#1238 = CARTESIAN_POINT('',(45.969997854231,-29.128,-8.380010960101));
#1239 = VECTOR('',#1240,1.);
#1240 = DIRECTION('',(2.384185934109E-07,2.38487815026E-14,1.));
#1241 = ORIENTED_EDGE('',*,*,#1242,.F.);
#1242 = EDGE_CURVE('',#1235,#1235,#1243,.T.);
#1243 = CIRCLE('',#1244,1.65);
#1244 = AXIS2_PLACEMENT_3D('',#1245,#1246,#1247);
#1245 = CARTESIAN_POINT('',(47.619997973441,-29.128,-7.880011353492));
#1246 = DIRECTION('',(-2.384185934109E-07,-2.399575788266E-14,-1.));
#1247 = DIRECTION('',(-1.,8.119623666246E-16,2.384185934109E-07));
#1248 = ORIENTED_EDGE('',*,*,#1234,.T.);
#1249 = ORIENTED_EDGE('',*,*,#333,.F.);
#1250 = CYLINDRICAL_SURFACE('',#1251,1.65);
#1251 = AXIS2_PLACEMENT_3D('',#1252,#1253,#1254);
#1252 = CARTESIAN_POINT('',(47.619997854231,-29.128,-8.380011353492));
#1253 = DIRECTION('',(-2.384185934109E-07,-2.38487815026E-14,-1.));
#1254 = DIRECTION('',(-1.,0.,2.384185934109E-07));
#1255 = ADVANCED_FACE('',(#1256),#1283,.T.);
#1256 = FACE_BOUND('',#1257,.F.);
#1257 = EDGE_LOOP('',(#1258,#1267,#1275,#1282));
#1258 = ORIENTED_EDGE('',*,*,#1259,.T.);
#1259 = EDGE_CURVE('',#424,#1260,#1262,.T.);
#1260 = VERTEX_POINT('',#1261);
#1261 = CARTESIAN_POINT('',(32.519897973441,28.376968864516,
    -7.880007753349));
#1262 = ELLIPSE('',#1263,0.57735026919,0.5);
#1263 = AXIS2_PLACEMENT_3D('',#1264,#1265,#1266);
#1264 = CARTESIAN_POINT('',(32.808573108036,27.876968864516,
    -7.880007822174));
#1265 = DIRECTION('',(0.866025403784,0.5,-2.064765705527E-07));
#1266 = DIRECTION('',(-0.5,0.866025403784,1.192092760518E-07));
#1267 = ORIENTED_EDGE('',*,*,#1268,.T.);
#1268 = EDGE_CURVE('',#1260,#1269,#1271,.T.);
#1269 = VERTEX_POINT('',#1270);
#1270 = CARTESIAN_POINT('',(29.200097973441,28.376968864516,
    -7.880006961846));
#1271 = LINE('',#1272,#1273);
#1272 = CARTESIAN_POINT('',(32.519897973441,28.376968864516,
    -7.880007753349));
#1273 = VECTOR('',#1274,1.);
#1274 = DIRECTION('',(-1.,0.,2.384185934109E-07));
#1275 = ORIENTED_EDGE('',*,*,#1276,.F.);
#1276 = EDGE_CURVE('',#426,#1269,#1277,.T.);
#1277 = ELLIPSE('',#1278,0.57735026919,0.5);
#1278 = AXIS2_PLACEMENT_3D('',#1279,#1280,#1281);
#1279 = CARTESIAN_POINT('',(28.911422838846,27.876968864516,
    -7.880006893021));
#1280 = DIRECTION('',(0.866025403784,-0.5,-2.06476546704E-07));
#1281 = DIRECTION('',(-0.5,-0.866025403784,1.192093173591E-07));
#1282 = ORIENTED_EDGE('',*,*,#423,.F.);
#1283 = CYLINDRICAL_SURFACE('',#1284,0.5);
#1284 = AXIS2_PLACEMENT_3D('',#1285,#1286,#1287);
#1285 = CARTESIAN_POINT('',(32.519897973441,27.876968864516,
    -7.880007753348));
#1286 = DIRECTION('',(-1.,0.,2.384185934109E-07));
#1287 = DIRECTION('',(-2.384185934109E-07,-2.399369155013E-14,-1.));
#1288 = ADVANCED_FACE('',(#1289),#1308,.T.);
#1289 = FACE_BOUND('',#1290,.F.);
#1290 = EDGE_LOOP('',(#1291,#1300,#1306,#1307));
#1291 = ORIENTED_EDGE('',*,*,#1292,.T.);
#1292 = EDGE_CURVE('',#458,#1293,#1295,.T.);
#1293 = VERTEX_POINT('',#1294);
#1294 = CARTESIAN_POINT('',(34.179797973441,31.252,-7.8800081491));
#1295 = ELLIPSE('',#1296,0.57735026919,0.5);
#1296 = AXIS2_PLACEMENT_3D('',#1297,#1298,#1299);
#1297 = CARTESIAN_POINT('',(34.757148242631,31.252,-7.880008286751));
#1298 = DIRECTION('',(6.409307021984E-17,1.,-2.384878151789E-14));
#1299 = DIRECTION('',(1.,-6.409875621279E-17,-2.384185934109E-07));
#1300 = ORIENTED_EDGE('',*,*,#1301,.T.);
#1301 = EDGE_CURVE('',#1293,#1260,#1302,.T.);
#1302 = LINE('',#1303,#1304);
#1303 = CARTESIAN_POINT('',(34.179797973441,31.252,-7.8800081491));
#1304 = VECTOR('',#1305,1.);
#1305 = DIRECTION('',(-0.5,-0.866025403784,1.192093173591E-07));
#1306 = ORIENTED_EDGE('',*,*,#1259,.F.);
#1307 = ORIENTED_EDGE('',*,*,#465,.F.);
#1308 = CYLINDRICAL_SURFACE('',#1309,0.5);
#1309 = AXIS2_PLACEMENT_3D('',#1310,#1311,#1312);
#1310 = CARTESIAN_POINT('',(34.612810675333,31.002,-7.880008252338));
#1311 = DIRECTION('',(-0.5,-0.866025403784,1.192093173591E-07));
#1312 = DIRECTION('',(-2.384185933481E-07,-2.388500901449E-14,-1.));
#1313 = ADVANCED_FACE('',(#1314),#1333,.T.);
#1314 = FACE_BOUND('',#1315,.F.);
#1315 = EDGE_LOOP('',(#1316,#1317,#1325,#1332));
#1316 = ORIENTED_EDGE('',*,*,#1276,.T.);
#1317 = ORIENTED_EDGE('',*,*,#1318,.T.);
#1318 = EDGE_CURVE('',#1269,#1319,#1321,.T.);
#1319 = VERTEX_POINT('',#1320);
#1320 = CARTESIAN_POINT('',(27.540197973441,31.252,-7.880006566096));
#1321 = LINE('',#1322,#1323);
#1322 = CARTESIAN_POINT('',(29.200097973441,28.376968864516,
    -7.880006961846));
#1323 = VECTOR('',#1324,1.);
#1324 = DIRECTION('',(-0.5,0.866025403784,1.192092760518E-07));
#1325 = ORIENTED_EDGE('',*,*,#1326,.F.);
#1326 = EDGE_CURVE('',#434,#1319,#1327,.T.);
#1327 = ELLIPSE('',#1328,0.57735026919,0.5);
#1328 = AXIS2_PLACEMENT_3D('',#1329,#1330,#1331);
#1329 = CARTESIAN_POINT('',(26.962847704252,31.252,-7.880006428444));
#1330 = DIRECTION('',(5.685992940414E-21,-1.,2.38487815026E-14));
#1331 = DIRECTION('',(-1.,0.,2.384185934109E-07));
#1332 = ORIENTED_EDGE('',*,*,#433,.F.);
#1333 = CYLINDRICAL_SURFACE('',#1334,0.5);
#1334 = AXIS2_PLACEMENT_3D('',#1335,#1336,#1337);
#1335 = CARTESIAN_POINT('',(28.767085271549,28.126968864516,
    -7.880006858608));
#1336 = DIRECTION('',(-0.5,0.866025403784,1.192092760518E-07));
#1337 = DIRECTION('',(-2.384185934736E-07,-2.388500901449E-14,-1.));
#1338 = ADVANCED_FACE('',(#1339),#1358,.T.);
#1339 = FACE_BOUND('',#1340,.F.);
#1340 = EDGE_LOOP('',(#1341,#1350,#1356,#1357));
#1341 = ORIENTED_EDGE('',*,*,#1342,.T.);
#1342 = EDGE_CURVE('',#450,#1343,#1345,.T.);
#1343 = VERTEX_POINT('',#1344);
#1344 = CARTESIAN_POINT('',(32.519897973441,34.127031135484,
    -7.880007753349));
#1345 = ELLIPSE('',#1346,0.57735026919,0.5);
#1346 = AXIS2_PLACEMENT_3D('',#1347,#1348,#1349);
#1347 = CARTESIAN_POINT('',(32.808573108036,34.627031135484,
    -7.880007822174));
#1348 = DIRECTION('',(-0.866025403784,0.5,2.06476546704E-07));
#1349 = DIRECTION('',(0.5,0.866025403784,-1.192093173591E-07));
#1350 = ORIENTED_EDGE('',*,*,#1351,.T.);
#1351 = EDGE_CURVE('',#1343,#1293,#1352,.T.);
#1352 = LINE('',#1353,#1354);
#1353 = CARTESIAN_POINT('',(32.519897973441,34.127031135484,
    -7.880007753349));
#1354 = VECTOR('',#1355,1.);
#1355 = DIRECTION('',(0.5,-0.866025403784,-1.192092760518E-07));
#1356 = ORIENTED_EDGE('',*,*,#1292,.F.);
#1357 = ORIENTED_EDGE('',*,*,#457,.F.);
#1358 = CYLINDRICAL_SURFACE('',#1359,0.5);
#1359 = AXIS2_PLACEMENT_3D('',#1360,#1361,#1362);
#1360 = CARTESIAN_POINT('',(32.952910675333,34.377031135484,
    -7.880007856587));
#1361 = DIRECTION('',(0.5,-0.866025403784,-1.192092760518E-07));
#1362 = DIRECTION('',(-2.384185934736E-07,-2.388500901449E-14,-1.));
#1363 = ADVANCED_FACE('',(#1364),#1383,.T.);
#1364 = FACE_BOUND('',#1365,.F.);
#1365 = EDGE_LOOP('',(#1366,#1367,#1375,#1382));
#1366 = ORIENTED_EDGE('',*,*,#1326,.T.);
#1367 = ORIENTED_EDGE('',*,*,#1368,.T.);
#1368 = EDGE_CURVE('',#1319,#1369,#1371,.T.);
#1369 = VERTEX_POINT('',#1370);
#1370 = CARTESIAN_POINT('',(29.200097973441,34.127031135484,
    -7.880006961847));
#1371 = LINE('',#1372,#1373);
#1372 = CARTESIAN_POINT('',(27.540197973441,31.252,-7.880006566096));
#1373 = VECTOR('',#1374,1.);
#1374 = DIRECTION('',(0.5,0.866025403784,-1.192093173591E-07));
#1375 = ORIENTED_EDGE('',*,*,#1376,.F.);
#1376 = EDGE_CURVE('',#442,#1369,#1377,.T.);
#1377 = ELLIPSE('',#1378,0.57735026919,0.5);
#1378 = AXIS2_PLACEMENT_3D('',#1379,#1380,#1381);
#1379 = CARTESIAN_POINT('',(28.911422838846,34.627031135484,
    -7.880006893021));
#1380 = DIRECTION('',(-0.866025403784,-0.5,2.064765705527E-07));
#1381 = DIRECTION('',(-0.5,0.866025403784,1.192092760518E-07));
#1382 = ORIENTED_EDGE('',*,*,#441,.F.);
#1383 = CYLINDRICAL_SURFACE('',#1384,0.5);
#1384 = AXIS2_PLACEMENT_3D('',#1385,#1386,#1387);
#1385 = CARTESIAN_POINT('',(27.107185271549,31.502,-7.880006462857));
#1386 = DIRECTION('',(0.5,0.866025403784,-1.192093173591E-07));
#1387 = DIRECTION('',(-2.384185933481E-07,-2.388500901449E-14,-1.));
#1388 = ADVANCED_FACE('',(#1389),#1400,.T.);
#1389 = FACE_BOUND('',#1390,.F.);
#1390 = EDGE_LOOP('',(#1391,#1392,#1398,#1399));
#1391 = ORIENTED_EDGE('',*,*,#1376,.T.);
#1392 = ORIENTED_EDGE('',*,*,#1393,.T.);
#1393 = EDGE_CURVE('',#1369,#1343,#1394,.T.);
#1394 = LINE('',#1395,#1396);
#1395 = CARTESIAN_POINT('',(29.200097973441,34.127031135484,
    -7.880006961847));
#1396 = VECTOR('',#1397,1.);
#1397 = DIRECTION('',(1.,0.,-2.384185934109E-07));
#1398 = ORIENTED_EDGE('',*,*,#1342,.F.);
#1399 = ORIENTED_EDGE('',*,*,#449,.F.);
#1400 = CYLINDRICAL_SURFACE('',#1401,0.5);
#1401 = AXIS2_PLACEMENT_3D('',#1402,#1403,#1404);
#1402 = CARTESIAN_POINT('',(29.200097973441,34.627031135484,
    -7.880006961847));
#1403 = DIRECTION('',(1.,0.,-2.384185934109E-07));
#1404 = DIRECTION('',(-2.384185934109E-07,-2.399369155013E-14,-1.));
#1405 = ADVANCED_FACE('',(#1406),#1424,.F.);
#1406 = FACE_BOUND('',#1407,.T.);
#1407 = EDGE_LOOP('',(#1408,#1416,#1422,#1423));
#1408 = ORIENTED_EDGE('',*,*,#1409,.T.);
#1409 = EDGE_CURVE('',#474,#1410,#1412,.T.);
#1410 = VERTEX_POINT('',#1411);
#1411 = CARTESIAN_POINT('',(45.449998712538,39.252,-4.780010836125));
#1412 = LINE('',#1413,#1414);
#1413 = CARTESIAN_POINT('',(45.449997854231,39.252,-8.380010836125));
#1414 = VECTOR('',#1415,1.);
#1415 = DIRECTION('',(2.384185934109E-07,2.385E-14,1.));
#1416 = ORIENTED_EDGE('',*,*,#1417,.T.);
#1417 = EDGE_CURVE('',#1410,#877,#1418,.T.);
#1418 = LINE('',#1419,#1420);
#1419 = CARTESIAN_POINT('',(45.449998712538,39.252,-4.780010836125));
#1420 = VECTOR('',#1421,1.);
#1421 = DIRECTION('',(1.,0.,-2.384185934109E-07));
#1422 = ORIENTED_EDGE('',*,*,#884,.F.);
#1423 = ORIENTED_EDGE('',*,*,#473,.F.);
#1424 = PLANE('',#1425);
#1425 = AXIS2_PLACEMENT_3D('',#1426,#1427,#1428);
#1426 = CARTESIAN_POINT('',(45.449997854231,39.252,-8.380010836125));
#1427 = DIRECTION('',(5.686283452849E-21,-1.,2.385E-14));
#1428 = DIRECTION('',(-1.,0.,2.384185934109E-07));
#1429 = ADVANCED_FACE('',(#1430),#1448,.F.);
#1430 = FACE_BOUND('',#1431,.T.);
#1431 = EDGE_LOOP('',(#1432,#1440,#1446,#1447));
#1432 = ORIENTED_EDGE('',*,*,#1433,.T.);
#1433 = EDGE_CURVE('',#484,#1434,#1436,.T.);
#1434 = VERTEX_POINT('',#1435);
#1435 = CARTESIAN_POINT('',(30.860000791,37.252,-4.780007357598));
#1436 = LINE('',#1437,#1438);
#1437 = CARTESIAN_POINT('',(30.859999932693,37.252,-8.380007357598));
#1438 = VECTOR('',#1439,1.);
#1439 = DIRECTION('',(2.384185934109E-07,2.385E-14,1.));
#1440 = ORIENTED_EDGE('',*,*,#1441,.T.);
#1441 = EDGE_CURVE('',#1434,#1410,#1442,.T.);
#1442 = LINE('',#1443,#1444);
#1443 = CARTESIAN_POINT('',(30.860000791,37.252,-4.780007357598));
#1444 = VECTOR('',#1445,1.);
#1445 = DIRECTION('',(0.990734880777,0.135810146938,-2.362096199774E-07)
  );
#1446 = ORIENTED_EDGE('',*,*,#1409,.F.);
#1447 = ORIENTED_EDGE('',*,*,#483,.F.);
#1448 = PLANE('',#1449);
#1449 = AXIS2_PLACEMENT_3D('',#1450,#1451,#1452);
#1450 = CARTESIAN_POINT('',(30.859999932693,37.252,-8.380007357598));
#1451 = DIRECTION('',(0.135810146938,-0.990734880777,-3.237964057397E-08
    ));
#1452 = DIRECTION('',(-0.990734880777,-0.135810146938,2.36209619958E-07)
  );
#1453 = ADVANCED_FACE('',(#1454),#1473,.T.);
#1454 = FACE_BOUND('',#1455,.T.);
#1455 = EDGE_LOOP('',(#1456,#1464,#1471,#1472));
#1456 = ORIENTED_EDGE('',*,*,#1457,.T.);
#1457 = EDGE_CURVE('',#492,#1458,#1460,.T.);
#1458 = VERTEX_POINT('',#1459);
#1459 = CARTESIAN_POINT('',(30.859998712539,25.252,-4.780007357597));
#1460 = LINE('',#1461,#1462);
#1461 = CARTESIAN_POINT('',(30.859997854232,25.252,-8.380007357597));
#1462 = VECTOR('',#1463,1.);
#1463 = DIRECTION('',(2.384185934109E-07,2.385E-14,1.));
#1464 = ORIENTED_EDGE('',*,*,#1465,.T.);
#1465 = EDGE_CURVE('',#1458,#1434,#1466,.T.);
#1466 = CIRCLE('',#1467,6.);
#1467 = AXIS2_PLACEMENT_3D('',#1468,#1469,#1470);
#1468 = CARTESIAN_POINT('',(30.859998712539,31.252,-4.780007357598));
#1469 = DIRECTION('',(-2.384185934109E-07,-2.4E-14,-1.));
#1470 = DIRECTION('',(-1.,0.,2.384185934109E-07));
#1471 = ORIENTED_EDGE('',*,*,#1433,.F.);
#1472 = ORIENTED_EDGE('',*,*,#491,.F.);
#1473 = CYLINDRICAL_SURFACE('',#1474,6.);
#1474 = AXIS2_PLACEMENT_3D('',#1475,#1476,#1477);
#1475 = CARTESIAN_POINT('',(30.859997854232,31.252,-8.380007357598));
#1476 = DIRECTION('',(-2.384185934109E-07,-2.385E-14,-1.));
#1477 = DIRECTION('',(-1.,0.,2.384185934109E-07));
#1478 = ADVANCED_FACE('',(#1479),#1497,.F.);
#1479 = FACE_BOUND('',#1480,.T.);
#1480 = EDGE_LOOP('',(#1481,#1489,#1495,#1496));
#1481 = ORIENTED_EDGE('',*,*,#1482,.T.);
#1482 = EDGE_CURVE('',#501,#1483,#1485,.T.);
#1483 = VERTEX_POINT('',#1484);
#1484 = CARTESIAN_POINT('',(45.449998712538,23.252,-4.780010836125));
#1485 = LINE('',#1486,#1487);
#1486 = CARTESIAN_POINT('',(45.449997854231,23.252,-8.380010836125));
#1487 = VECTOR('',#1488,1.);
#1488 = DIRECTION('',(2.384185934109E-07,2.385E-14,1.));
#1489 = ORIENTED_EDGE('',*,*,#1490,.T.);
#1490 = EDGE_CURVE('',#1483,#1458,#1491,.T.);
#1491 = LINE('',#1492,#1493);
#1492 = CARTESIAN_POINT('',(45.449998712538,23.252,-4.780010836125));
#1493 = VECTOR('',#1494,1.);
#1494 = DIRECTION('',(-0.99073488338,0.135810127948,2.362096140792E-07)
  );
#1495 = ORIENTED_EDGE('',*,*,#1457,.F.);
#1496 = ORIENTED_EDGE('',*,*,#500,.F.);
#1497 = PLANE('',#1498);
#1498 = AXIS2_PLACEMENT_3D('',#1499,#1500,#1501);
#1499 = CARTESIAN_POINT('',(45.449997854231,23.252,-8.380010836125));
#1500 = DIRECTION('',(0.135810127948,0.99073488338,-3.23796833063E-08));
#1501 = DIRECTION('',(0.99073488338,-0.135810127948,-2.362096140986E-07)
  );
#1502 = ADVANCED_FACE('',(#1503),#1521,.T.);
#1503 = FACE_BOUND('',#1504,.F.);
#1504 = EDGE_LOOP('',(#1505,#1506,#1507,#1515));
#1505 = ORIENTED_EDGE('',*,*,#508,.T.);
#1506 = ORIENTED_EDGE('',*,*,#1482,.T.);
#1507 = ORIENTED_EDGE('',*,*,#1508,.F.);
#1508 = EDGE_CURVE('',#1509,#1483,#1511,.T.);
#1509 = VERTEX_POINT('',#1510);
#1510 = CARTESIAN_POINT('',(45.449998712538,18.068106334431,
    -4.780010836125));
#1511 = LINE('',#1512,#1513);
#1512 = CARTESIAN_POINT('',(45.449998712538,-37.348,-4.780010836123));
#1513 = VECTOR('',#1514,1.);
#1514 = DIRECTION('',(-5.72204624186E-21,1.,-2.4E-14));
#1515 = ORIENTED_EDGE('',*,*,#1516,.T.);
#1516 = EDGE_CURVE('',#1509,#509,#1517,.T.);
#1517 = LINE('',#1518,#1519);
#1518 = CARTESIAN_POINT('',(45.449997854231,18.068106334431,
    -8.380010836124));
#1519 = VECTOR('',#1520,1.);
#1520 = DIRECTION('',(-2.384185934109E-07,-2.38487815026E-14,-1.));
#1521 = PLANE('',#1522);
#1522 = AXIS2_PLACEMENT_3D('',#1523,#1524,#1525);
#1523 = CARTESIAN_POINT('',(45.449998477902,-7.632702549575,
    -5.764146813461));
#1524 = DIRECTION('',(-1.,0.,2.384185940309E-07));
#1525 = DIRECTION('',(-2.384185940309E-07,0.,-1.));
#1526 = ADVANCED_FACE('',(#1527),#1539,.T.);
#1527 = FACE_BOUND('',#1528,.T.);
#1528 = EDGE_LOOP('',(#1529,#1530,#1531,#1538));
#1529 = ORIENTED_EDGE('',*,*,#516,.F.);
#1530 = ORIENTED_EDGE('',*,*,#1069,.F.);
#1531 = ORIENTED_EDGE('',*,*,#1532,.T.);
#1532 = EDGE_CURVE('',#1070,#1509,#1533,.T.);
#1533 = CIRCLE('',#1534,3.5);
#1534 = AXIS2_PLACEMENT_3D('',#1535,#1536,#1537);
#1535 = CARTESIAN_POINT('',(47.619998712538,15.322,-4.780011353493));
#1536 = DIRECTION('',(-2.384185934109E-07,-2.38487815026E-14,-1.));
#1537 = DIRECTION('',(-2.22050290918E-16,1.,-2.384878144966E-14));
#1538 = ORIENTED_EDGE('',*,*,#1516,.T.);
#1539 = CYLINDRICAL_SURFACE('',#1540,3.5);
#1540 = AXIS2_PLACEMENT_3D('',#1541,#1542,#1543);
#1541 = CARTESIAN_POINT('',(47.619997854231,15.322,-8.380011353493));
#1542 = DIRECTION('',(-2.384185934109E-07,-2.38487815026E-14,-1.));
#1543 = DIRECTION('',(-2.22050290918E-16,1.,-2.384878144966E-14));
#1544 = ADVANCED_FACE('',(#1545),#1563,.T.);
#1545 = FACE_BOUND('',#1546,.F.);
#1546 = EDGE_LOOP('',(#1547,#1548,#1549,#1557));
#1547 = ORIENTED_EDGE('',*,*,#533,.F.);
#1548 = ORIENTED_EDGE('',*,*,#1062,.T.);
#1549 = ORIENTED_EDGE('',*,*,#1550,.T.);
#1550 = EDGE_CURVE('',#1055,#1551,#1553,.T.);
#1551 = VERTEX_POINT('',#1552);
#1552 = CARTESIAN_POINT('',(42.799998712538,-9.498,-4.780010204315));
#1553 = LINE('',#1554,#1555);
#1554 = CARTESIAN_POINT('',(50.799998712538,-9.498,-4.780012111663));
#1555 = VECTOR('',#1556,1.);
#1556 = DIRECTION('',(-1.,0.,2.384185934109E-07));
#1557 = ORIENTED_EDGE('',*,*,#1558,.F.);
#1558 = EDGE_CURVE('',#534,#1551,#1559,.T.);
#1559 = LINE('',#1560,#1561);
#1560 = CARTESIAN_POINT('',(42.799997854231,-9.498,-8.380010204315));
#1561 = VECTOR('',#1562,1.);
#1562 = DIRECTION('',(2.384185934109E-07,2.38487815026E-14,1.));
#1563 = PLANE('',#1564);
#1564 = AXIS2_PLACEMENT_3D('',#1565,#1566,#1567);
#1565 = CARTESIAN_POINT('',(50.799997854231,-9.498,-8.380012111663));
#1566 = DIRECTION('',(-5.685992940414E-21,1.,-2.38487815026E-14));
#1567 = DIRECTION('',(1.,0.,-2.384185934109E-07));
#1568 = ADVANCED_FACE('',(#1569),#1587,.T.);
#1569 = FACE_BOUND('',#1570,.F.);
#1570 = EDGE_LOOP('',(#1571,#1572,#1580,#1586));
#1571 = ORIENTED_EDGE('',*,*,#1558,.T.);
#1572 = ORIENTED_EDGE('',*,*,#1573,.T.);
#1573 = EDGE_CURVE('',#1551,#1574,#1576,.T.);
#1574 = VERTEX_POINT('',#1575);
#1575 = CARTESIAN_POINT('',(42.799998712538,-17.498,-4.780010204314));
#1576 = LINE('',#1577,#1578);
#1577 = CARTESIAN_POINT('',(42.799998712538,-9.498,-4.780010204315));
#1578 = VECTOR('',#1579,1.);
#1579 = DIRECTION('',(5.685992940414E-21,-1.,2.38487815026E-14));
#1580 = ORIENTED_EDGE('',*,*,#1581,.F.);
#1581 = EDGE_CURVE('',#542,#1574,#1582,.T.);
#1582 = LINE('',#1583,#1584);
#1583 = CARTESIAN_POINT('',(42.799997854231,-17.498,-8.380010204314));
#1584 = VECTOR('',#1585,1.);
#1585 = DIRECTION('',(2.384185934109E-07,2.38487815026E-14,1.));
#1586 = ORIENTED_EDGE('',*,*,#541,.F.);
#1587 = PLANE('',#1588);
#1588 = AXIS2_PLACEMENT_3D('',#1589,#1590,#1591);
#1589 = CARTESIAN_POINT('',(42.799997854231,-9.498,-8.380010204315));
#1590 = DIRECTION('',(-1.,0.,2.384185934109E-07));
#1591 = DIRECTION('',(-5.685992940414E-21,1.,-2.38487815026E-14));
#1592 = ADVANCED_FACE('',(#1593),#1604,.F.);
#1593 = FACE_BOUND('',#1594,.T.);
#1594 = EDGE_LOOP('',(#1595,#1596,#1597,#1603));
#1595 = ORIENTED_EDGE('',*,*,#549,.F.);
#1596 = ORIENTED_EDGE('',*,*,#1046,.T.);
#1597 = ORIENTED_EDGE('',*,*,#1598,.T.);
#1598 = EDGE_CURVE('',#1047,#1574,#1599,.T.);
#1599 = LINE('',#1600,#1601);
#1600 = CARTESIAN_POINT('',(50.799998712538,-17.498,-4.780012111663));
#1601 = VECTOR('',#1602,1.);
#1602 = DIRECTION('',(-1.,5.329E-14,2.384185934109E-07));
#1603 = ORIENTED_EDGE('',*,*,#1581,.F.);
#1604 = PLANE('',#1605);
#1605 = AXIS2_PLACEMENT_3D('',#1606,#1607,#1608);
#1606 = CARTESIAN_POINT('',(50.799997854231,-17.498,-8.380012111663));
#1607 = DIRECTION('',(5.328999431401E-14,1.,-2.384879420793E-14));
#1608 = DIRECTION('',(1.,-5.329E-14,-2.384185934109E-07));
#1609 = ADVANCED_FACE('',(#1610),#1630,.T.);
#1610 = FACE_BOUND('',#1611,.T.);
#1611 = EDGE_LOOP('',(#1612,#1621,#1622,#1623));
#1612 = ORIENTED_EDGE('',*,*,#1613,.F.);
#1613 = EDGE_CURVE('',#609,#1614,#1616,.T.);
#1614 = VERTEX_POINT('',#1615);
#1615 = CARTESIAN_POINT('',(45.969997973441,15.322,-7.880010960102));
#1616 = CIRCLE('',#1617,0.5);
#1617 = AXIS2_PLACEMENT_3D('',#1618,#1619,#1620);
#1618 = CARTESIAN_POINT('',(45.469997973441,15.322,-7.880010840893));
#1619 = DIRECTION('',(-1.888536548256E-15,-1.,2.399575833293E-14));
#1620 = DIRECTION('',(-1.,1.888542269291E-15,2.384185934109E-07));
#1621 = ORIENTED_EDGE('',*,*,#608,.T.);
#1622 = ORIENTED_EDGE('',*,*,#1613,.T.);
#1623 = ORIENTED_EDGE('',*,*,#1624,.F.);
#1624 = EDGE_CURVE('',#1614,#1614,#1625,.T.);
#1625 = CIRCLE('',#1626,1.65);
#1626 = AXIS2_PLACEMENT_3D('',#1627,#1628,#1629);
#1627 = CARTESIAN_POINT('',(47.619997973441,15.322,-7.880011353493));
#1628 = DIRECTION('',(-2.384185934109E-07,-2.399575788266E-14,-1.));
#1629 = DIRECTION('',(-1.,1.888542269291E-15,2.384185934109E-07));
#1630 = TOROIDAL_SURFACE('',#1631,2.15,0.5);
#1631 = AXIS2_PLACEMENT_3D('',#1632,#1633,#1634);
#1632 = CARTESIAN_POINT('',(47.619997973441,15.322,-7.880011353493));
#1633 = DIRECTION('',(-2.384185934109E-07,-2.399575788266E-14,-1.));
#1634 = DIRECTION('',(-1.,1.888542269291E-15,2.384185934109E-07));
#1635 = ADVANCED_FACE('',(#1636),#1648,.T.);
#1636 = FACE_BOUND('',#1637,.T.);
#1637 = EDGE_LOOP('',(#1638,#1645,#1646,#1647));
#1638 = ORIENTED_EDGE('',*,*,#1639,.F.);
#1639 = EDGE_CURVE('',#654,#1235,#1640,.T.);
#1640 = CIRCLE('',#1641,0.5);
#1641 = AXIS2_PLACEMENT_3D('',#1642,#1643,#1644);
#1642 = CARTESIAN_POINT('',(45.469997973441,-29.128,-7.880010840892));
#1643 = DIRECTION('',(-8.119566455898E-16,-1.,2.399575807625E-14));
#1644 = DIRECTION('',(-1.,8.119623666246E-16,2.384185934109E-07));
#1645 = ORIENTED_EDGE('',*,*,#653,.T.);
#1646 = ORIENTED_EDGE('',*,*,#1639,.T.);
#1647 = ORIENTED_EDGE('',*,*,#1242,.F.);
#1648 = TOROIDAL_SURFACE('',#1649,2.15,0.5);
#1649 = AXIS2_PLACEMENT_3D('',#1650,#1651,#1652);
#1650 = CARTESIAN_POINT('',(47.619997973441,-29.128,-7.880011353492));
#1651 = DIRECTION('',(-2.384185934109E-07,-2.399575788266E-14,-1.));
#1652 = DIRECTION('',(-1.,8.119623666246E-16,2.384185934109E-07));
#1653 = ADVANCED_FACE('',(#1654),#1681,.T.);
#1654 = FACE_BOUND('',#1655,.F.);
#1655 = EDGE_LOOP('',(#1656,#1665,#1673,#1680));
#1656 = ORIENTED_EDGE('',*,*,#1657,.T.);
#1657 = EDGE_CURVE('',#665,#1658,#1660,.T.);
#1658 = VERTEX_POINT('',#1659);
#1659 = CARTESIAN_POINT('',(27.984966837957,-43.6881,-7.880006672135));
#1660 = ELLIPSE('',#1661,0.57735026919,0.5);
#1661 = AXIS2_PLACEMENT_3D('',#1662,#1663,#1664);
#1662 = CARTESIAN_POINT('',(27.484966837955,-43.3994248654,
    -7.880006552926));
#1663 = DIRECTION('',(-0.5,-0.866025403784,1.192093173591E-07));
#1664 = DIRECTION('',(0.866025403784,-0.5,-2.064765467039E-07));
#1665 = ORIENTED_EDGE('',*,*,#1666,.T.);
#1666 = EDGE_CURVE('',#1658,#1667,#1669,.T.);
#1667 = VERTEX_POINT('',#1668);
#1668 = CARTESIAN_POINT('',(30.859997973443,-42.0282,-7.880007357596));
#1669 = LINE('',#1670,#1671);
#1670 = CARTESIAN_POINT('',(27.984966837957,-43.6881,-7.880006672135));
#1671 = VECTOR('',#1672,1.);
#1672 = DIRECTION('',(0.866025403784,0.5,-2.064765705527E-07));
#1673 = ORIENTED_EDGE('',*,*,#1674,.F.);
#1674 = EDGE_CURVE('',#667,#1667,#1675,.T.);
#1675 = ELLIPSE('',#1676,0.57735026919,0.5);
#1676 = AXIS2_PLACEMENT_3D('',#1677,#1678,#1679);
#1677 = CARTESIAN_POINT('',(30.859997973443,-41.45084973081,
    -7.880007357596));
#1678 = DIRECTION('',(-1.,-3.605875530749E-13,2.384185934109E-07));
#1679 = DIRECTION('',(-3.605875587609E-13,1.,-2.384869553183E-14));
#1680 = ORIENTED_EDGE('',*,*,#664,.F.);
#1681 = CYLINDRICAL_SURFACE('',#1682,0.5);
#1682 = AXIS2_PLACEMENT_3D('',#1683,#1684,#1685);
#1683 = CARTESIAN_POINT('',(27.734966837957,-43.2550872981,
    -7.88000661253));
#1684 = DIRECTION('',(0.866025403784,0.5,-2.064765705527E-07));
#1685 = DIRECTION('',(-2.384185933481E-07,-2.395746403825E-14,-1.));
#1686 = ADVANCED_FACE('',(#1687),#1706,.T.);
#1687 = FACE_BOUND('',#1688,.F.);
#1688 = EDGE_LOOP('',(#1689,#1698,#1704,#1705));
#1689 = ORIENTED_EDGE('',*,*,#1690,.T.);
#1690 = EDGE_CURVE('',#699,#1691,#1693,.T.);
#1691 = VERTEX_POINT('',#1692);
#1692 = CARTESIAN_POINT('',(27.984966837955,-47.00789999999,
    -7.880006672135));
#1693 = ELLIPSE('',#1694,0.57735026919,0.5);
#1694 = AXIS2_PLACEMENT_3D('',#1695,#1696,#1697);
#1695 = CARTESIAN_POINT('',(27.484966837955,-47.29657513459,
    -7.880006552925));
#1696 = DIRECTION('',(0.499999999999,-0.866025403785,-1.192092760516E-07
    ));
#1697 = DIRECTION('',(-0.866025403785,-0.499999999999,2.064765705528E-07
    ));
#1698 = ORIENTED_EDGE('',*,*,#1699,.T.);
#1699 = EDGE_CURVE('',#1691,#1658,#1700,.T.);
#1700 = LINE('',#1701,#1702);
#1701 = CARTESIAN_POINT('',(27.984966837955,-47.00789999999,
    -7.880006672135));
#1702 = VECTOR('',#1703,1.);
#1703 = DIRECTION('',(4.60569994314E-13,1.,-2.384889131105E-14));
#1704 = ORIENTED_EDGE('',*,*,#1657,.F.);
#1705 = ORIENTED_EDGE('',*,*,#706,.F.);
#1706 = CYLINDRICAL_SURFACE('',#1707,0.5);
#1707 = AXIS2_PLACEMENT_3D('',#1708,#1709,#1710);
#1708 = CARTESIAN_POINT('',(27.484966837955,-47.00789999999,
    -7.880006552925));
#1709 = DIRECTION('',(4.60569994314E-13,1.,-2.384889131105E-14));
#1710 = DIRECTION('',(-2.384185934109E-07,-2.38487815026E-14,-1.));
#1711 = ADVANCED_FACE('',(#1712),#1731,.T.);
#1712 = FACE_BOUND('',#1713,.F.);
#1713 = EDGE_LOOP('',(#1714,#1715,#1723,#1730));
#1714 = ORIENTED_EDGE('',*,*,#1674,.T.);
#1715 = ORIENTED_EDGE('',*,*,#1716,.T.);
#1716 = EDGE_CURVE('',#1667,#1717,#1719,.T.);
#1717 = VERTEX_POINT('',#1718);
#1718 = CARTESIAN_POINT('',(33.735029108921,-43.68809999999,
    -7.880008043057));
#1719 = LINE('',#1720,#1721);
#1720 = CARTESIAN_POINT('',(30.859997973443,-42.0282,-7.880007357596));
#1721 = VECTOR('',#1722,1.);
#1722 = DIRECTION('',(0.866025403785,-0.499999999999,-2.06476546704E-07)
  );
#1723 = ORIENTED_EDGE('',*,*,#1724,.F.);
#1724 = EDGE_CURVE('',#675,#1717,#1725,.T.);
#1725 = ELLIPSE('',#1726,0.57735026919,0.5);
#1726 = AXIS2_PLACEMENT_3D('',#1727,#1728,#1729);
#1727 = CARTESIAN_POINT('',(34.235029108921,-43.39942486539,
    -7.880008162266));
#1728 = DIRECTION('',(-0.500000000001,0.866025403784,1.19209276052E-07)
  );
#1729 = DIRECTION('',(0.866025403784,0.500000000001,-2.064765705526E-07)
  );
#1730 = ORIENTED_EDGE('',*,*,#674,.F.);
#1731 = CYLINDRICAL_SURFACE('',#1732,0.5);
#1732 = AXIS2_PLACEMENT_3D('',#1733,#1734,#1735);
#1733 = CARTESIAN_POINT('',(31.109997973443,-41.5951872981,-7.8800074172
    ));
#1734 = DIRECTION('',(0.866025403785,-0.499999999999,-2.06476546704E-07)
  );
#1735 = DIRECTION('',(-2.384185934736E-07,-2.395746403825E-14,-1.));
#1736 = ADVANCED_FACE('',(#1737),#1756,.T.);
#1737 = FACE_BOUND('',#1738,.F.);
#1738 = EDGE_LOOP('',(#1739,#1748,#1754,#1755));
#1739 = ORIENTED_EDGE('',*,*,#1740,.T.);
#1740 = EDGE_CURVE('',#691,#1741,#1743,.T.);
#1741 = VERTEX_POINT('',#1742);
#1742 = CARTESIAN_POINT('',(30.85999797344,-48.6678,-7.880007357596));
#1743 = ELLIPSE('',#1744,0.57735026919,0.5);
#1744 = AXIS2_PLACEMENT_3D('',#1745,#1746,#1747);
#1745 = CARTESIAN_POINT('',(30.85999797344,-49.24515026919,
    -7.880007357596));
#1746 = DIRECTION('',(1.,-3.29211211909E-13,-2.384185934109E-07));
#1747 = DIRECTION('',(-3.29211206223E-13,-1.,2.384885999268E-14));
#1748 = ORIENTED_EDGE('',*,*,#1749,.T.);
#1749 = EDGE_CURVE('',#1741,#1691,#1750,.T.);
#1750 = LINE('',#1751,#1752);
#1751 = CARTESIAN_POINT('',(30.85999797344,-48.6678,-7.880007357596));
#1752 = VECTOR('',#1753,1.);
#1753 = DIRECTION('',(-0.866025403784,0.500000000001,2.064765467039E-07)
  );
#1754 = ORIENTED_EDGE('',*,*,#1690,.F.);
#1755 = ORIENTED_EDGE('',*,*,#698,.F.);
#1756 = CYLINDRICAL_SURFACE('',#1757,0.5);
#1757 = AXIS2_PLACEMENT_3D('',#1758,#1759,#1760);
#1758 = CARTESIAN_POINT('',(30.60999797344,-49.10081270189,
    -7.880007297991));
#1759 = DIRECTION('',(-0.866025403784,0.500000000001,2.064765467039E-07)
  );
#1760 = DIRECTION('',(-2.384185934736E-07,-2.395746403825E-14,-1.));
#1761 = ADVANCED_FACE('',(#1762),#1781,.T.);
#1762 = FACE_BOUND('',#1763,.F.);
#1763 = EDGE_LOOP('',(#1764,#1765,#1773,#1780));
#1764 = ORIENTED_EDGE('',*,*,#1724,.T.);
#1765 = ORIENTED_EDGE('',*,*,#1766,.T.);
#1766 = EDGE_CURVE('',#1717,#1767,#1769,.T.);
#1767 = VERTEX_POINT('',#1768);
#1768 = CARTESIAN_POINT('',(33.735029108926,-47.00789999999,
    -7.880008043057));
#1769 = LINE('',#1770,#1771);
#1770 = CARTESIAN_POINT('',(33.735029108921,-43.68809999999,
    -7.880008043057));
#1771 = VECTOR('',#1772,1.);
#1772 = DIRECTION('',(1.442980005686E-12,-1.,2.384843746934E-14));
#1773 = ORIENTED_EDGE('',*,*,#1774,.F.);
#1774 = EDGE_CURVE('',#683,#1767,#1775,.T.);
#1775 = ELLIPSE('',#1776,0.57735026919,0.5);
#1776 = AXIS2_PLACEMENT_3D('',#1777,#1778,#1779);
#1777 = CARTESIAN_POINT('',(34.235029108921,-47.29657513459,
    -7.880008162266));
#1778 = DIRECTION('',(0.499999999999,0.866025403785,-1.192093173589E-07)
  );
#1779 = DIRECTION('',(0.866025403785,-0.499999999999,-2.064765467041E-07
    ));
#1780 = ORIENTED_EDGE('',*,*,#682,.F.);
#1781 = CYLINDRICAL_SURFACE('',#1782,0.5);
#1782 = AXIS2_PLACEMENT_3D('',#1783,#1784,#1785);
#1783 = CARTESIAN_POINT('',(34.235029108921,-43.68809999999,
    -7.880008162266));
#1784 = DIRECTION('',(1.442980005686E-12,-1.,2.384843746934E-14));
#1785 = DIRECTION('',(-2.384185934109E-07,-2.38487815026E-14,-1.));
#1786 = ADVANCED_FACE('',(#1787),#1798,.T.);
#1787 = FACE_BOUND('',#1788,.F.);
#1788 = EDGE_LOOP('',(#1789,#1790,#1796,#1797));
#1789 = ORIENTED_EDGE('',*,*,#1774,.T.);
#1790 = ORIENTED_EDGE('',*,*,#1791,.T.);
#1791 = EDGE_CURVE('',#1767,#1741,#1792,.T.);
#1792 = LINE('',#1793,#1794);
#1793 = CARTESIAN_POINT('',(33.735029108926,-47.00789999999,
    -7.880008043057));
#1794 = VECTOR('',#1795,1.);
#1795 = DIRECTION('',(-0.866025403784,-0.5,2.064765705527E-07));
#1796 = ORIENTED_EDGE('',*,*,#1740,.F.);
#1797 = ORIENTED_EDGE('',*,*,#690,.F.);
#1798 = CYLINDRICAL_SURFACE('',#1799,0.5);
#1799 = AXIS2_PLACEMENT_3D('',#1800,#1801,#1802);
#1800 = CARTESIAN_POINT('',(33.985029108926,-47.44091270189,
    -7.880008102661));
#1801 = DIRECTION('',(-0.866025403784,-0.5,2.064765705527E-07));
#1802 = DIRECTION('',(-2.384185933481E-07,-2.395746403825E-14,-1.));
#1803 = ADVANCED_FACE('',(#1804),#1816,.T.);
#1804 = FACE_BOUND('',#1805,.F.);
#1805 = EDGE_LOOP('',(#1806,#1813,#1814,#1815));
#1806 = ORIENTED_EDGE('',*,*,#1807,.F.);
#1807 = EDGE_CURVE('',#898,#721,#1808,.T.);
#1808 = CIRCLE('',#1809,0.5);
#1809 = AXIS2_PLACEMENT_3D('',#1810,#1811,#1812);
#1810 = CARTESIAN_POINT('',(50.300000059603,-73.498,0.869988007545));
#1811 = DIRECTION('',(-0.,1.,0.));
#1812 = DIRECTION('',(2.384185934109E-07,0.,1.));
#1813 = ORIENTED_EDGE('',*,*,#897,.F.);
#1814 = ORIENTED_EDGE('',*,*,#1807,.T.);
#1815 = ORIENTED_EDGE('',*,*,#730,.T.);
#1816 = TOROIDAL_SURFACE('',#1817,2.9,0.5);
#1817 = AXIS2_PLACEMENT_3D('',#1818,#1819,#1820);
#1818 = CARTESIAN_POINT('',(50.299999368189,-73.498,-2.030011992455));
#1819 = DIRECTION('',(1.,0.,-2.384185934109E-07));
#1820 = DIRECTION('',(2.384185934109E-07,0.,1.));
#1821 = ADVANCED_FACE('',(#1822),#1833,.F.);
#1822 = FACE_BOUND('',#1823,.T.);
#1823 = EDGE_LOOP('',(#1824,#1825,#1831,#1832));
#1824 = ORIENTED_EDGE('',*,*,#757,.T.);
#1825 = ORIENTED_EDGE('',*,*,#1826,.T.);
#1826 = EDGE_CURVE('',#758,#1023,#1827,.T.);
#1827 = LINE('',#1828,#1829);
#1828 = CARTESIAN_POINT('',(50.799999999999,-17.99,0.619987888337));
#1829 = VECTOR('',#1830,1.);
#1830 = DIRECTION('',(-1.,-0.,2.384185934109E-07));
#1831 = ORIENTED_EDGE('',*,*,#1031,.F.);
#1832 = ORIENTED_EDGE('',*,*,#954,.F.);
#1833 = PLANE('',#1834);
#1834 = AXIS2_PLACEMENT_3D('',#1835,#1836,#1837);
#1835 = CARTESIAN_POINT('',(50.799998712538,-17.99,-4.780012111663));
#1836 = DIRECTION('',(-5.720079228522E-21,1.,-2.399174974858E-14));
#1837 = DIRECTION('',(1.,0.,-2.384185934109E-07));
#1838 = ADVANCED_FACE('',(#1839),#1850,.T.);
#1839 = FACE_BOUND('',#1840,.T.);
#1840 = EDGE_LOOP('',(#1841,#1842,#1848,#1849));
#1841 = ORIENTED_EDGE('',*,*,#765,.T.);
#1842 = ORIENTED_EDGE('',*,*,#1843,.T.);
#1843 = EDGE_CURVE('',#766,#1015,#1844,.T.);
#1844 = LINE('',#1845,#1846);
#1845 = CARTESIAN_POINT('',(50.800000238417,-16.99,1.619987888337));
#1846 = VECTOR('',#1847,1.);
#1847 = DIRECTION('',(-1.,-0.,2.384185934109E-07));
#1848 = ORIENTED_EDGE('',*,*,#1022,.F.);
#1849 = ORIENTED_EDGE('',*,*,#1826,.F.);
#1850 = CYLINDRICAL_SURFACE('',#1851,1.);
#1851 = AXIS2_PLACEMENT_3D('',#1852,#1853,#1854);
#1852 = CARTESIAN_POINT('',(50.799999999999,-16.99,0.619987888337));
#1853 = DIRECTION('',(-1.,-0.,2.384185934109E-07));
#1854 = DIRECTION('',(5.720079228522E-21,-1.,2.399174974858E-14));
#1855 = ADVANCED_FACE('',(#1856),#1867,.T.);
#1856 = FACE_BOUND('',#1857,.F.);
#1857 = EDGE_LOOP('',(#1858,#1859,#1865,#1866));
#1858 = ORIENTED_EDGE('',*,*,#1014,.T.);
#1859 = ORIENTED_EDGE('',*,*,#1860,.T.);
#1860 = EDGE_CURVE('',#1006,#775,#1861,.T.);
#1861 = LINE('',#1862,#1863);
#1862 = CARTESIAN_POINT('',(45.450000238417,-10.,1.619989163876));
#1863 = VECTOR('',#1864,1.);
#1864 = DIRECTION('',(1.,-0.,-2.384185934109E-07));
#1865 = ORIENTED_EDGE('',*,*,#774,.T.);
#1866 = ORIENTED_EDGE('',*,*,#1843,.T.);
#1867 = PLANE('',#1868);
#1868 = AXIS2_PLACEMENT_3D('',#1869,#1870,#1871);
#1869 = CARTESIAN_POINT('',(48.125000238417,-13.495,1.619988526106));
#1870 = DIRECTION('',(2.384185934109E-07,2.399527211948E-14,1.));
#1871 = DIRECTION('',(5.720919027236E-21,-1.,2.399527211948E-14));
#1872 = ADVANCED_FACE('',(#1873,#1928,#1939),#1950,.T.);
#1873 = FACE_BOUND('',#1874,.F.);
#1874 = EDGE_LOOP('',(#1875,#1876,#1877,#1878,#1879,#1880,#1881,#1882,
    #1883,#1891,#1899,#1907,#1915,#1921,#1922));
#1875 = ORIENTED_EDGE('',*,*,#1077,.T.);
#1876 = ORIENTED_EDGE('',*,*,#1532,.T.);
#1877 = ORIENTED_EDGE('',*,*,#1508,.T.);
#1878 = ORIENTED_EDGE('',*,*,#1490,.T.);
#1879 = ORIENTED_EDGE('',*,*,#1465,.T.);
#1880 = ORIENTED_EDGE('',*,*,#1441,.T.);
#1881 = ORIENTED_EDGE('',*,*,#1417,.T.);
#1882 = ORIENTED_EDGE('',*,*,#876,.T.);
#1883 = ORIENTED_EDGE('',*,*,#1884,.F.);
#1884 = EDGE_CURVE('',#1885,#868,#1887,.T.);
#1885 = VERTEX_POINT('',#1886);
#1886 = CARTESIAN_POINT('',(45.449998712538,37.102,-4.780010836125));
#1887 = LINE('',#1888,#1889);
#1888 = CARTESIAN_POINT('',(45.449998712538,37.102,-4.780010836125));
#1889 = VECTOR('',#1890,1.);
#1890 = DIRECTION('',(1.,0.,-2.384185934109E-07));
#1891 = ORIENTED_EDGE('',*,*,#1892,.F.);
#1892 = EDGE_CURVE('',#1893,#1885,#1895,.T.);
#1893 = VERTEX_POINT('',#1894);
#1894 = CARTESIAN_POINT('',(45.449998712538,32.102,-4.780010836125));
#1895 = LINE('',#1896,#1897);
#1896 = CARTESIAN_POINT('',(45.449998712538,25.663417004311,
    -4.780010836125));
#1897 = VECTOR('',#1898,1.);
#1898 = DIRECTION('',(-5.715233856033E-21,1.,-2.397142678459E-14));
#1899 = ORIENTED_EDGE('',*,*,#1900,.F.);
#1900 = EDGE_CURVE('',#1901,#1893,#1903,.T.);
#1901 = VERTEX_POINT('',#1902);
#1902 = CARTESIAN_POINT('',(45.449998712538,24.102,-4.780010836125));
#1903 = LINE('',#1904,#1905);
#1904 = CARTESIAN_POINT('',(45.449998712538,7.72618654185,
    -4.780010836124));
#1905 = VECTOR('',#1906,1.);
#1906 = DIRECTION('',(-5.686283452849E-21,1.,-2.385E-14));
#1907 = ORIENTED_EDGE('',*,*,#1908,.T.);
#1908 = EDGE_CURVE('',#1901,#1909,#1911,.T.);
#1909 = VERTEX_POINT('',#1910);
#1910 = CARTESIAN_POINT('',(45.449998712538,19.102,-4.780010836125));
#1911 = LINE('',#1912,#1913);
#1912 = CARTESIAN_POINT('',(45.449998712538,25.663417004311,
    -4.780010836125));
#1913 = VECTOR('',#1914,1.);
#1914 = DIRECTION('',(5.715233856033E-21,-1.,2.397142678459E-14));
#1915 = ORIENTED_EDGE('',*,*,#1916,.F.);
#1916 = EDGE_CURVE('',#809,#1909,#1917,.T.);
#1917 = LINE('',#1918,#1919);
#1918 = CARTESIAN_POINT('',(50.799998712538,19.102,-4.780012111664));
#1919 = VECTOR('',#1920,1.);
#1920 = DIRECTION('',(-1.,0.,2.384185934109E-07));
#1921 = ORIENTED_EDGE('',*,*,#808,.T.);
#1922 = ORIENTED_EDGE('',*,*,#1923,.F.);
#1923 = EDGE_CURVE('',#1078,#800,#1924,.T.);
#1924 = LINE('',#1925,#1926);
#1925 = CARTESIAN_POINT('',(45.449998712538,-4.,-4.780010836124));
#1926 = VECTOR('',#1927,1.);
#1927 = DIRECTION('',(1.,0.,-2.384185934109E-07));
#1928 = FACE_BOUND('',#1929,.F.);
#1929 = EDGE_LOOP('',(#1930));
#1930 = ORIENTED_EDGE('',*,*,#1931,.F.);
#1931 = EDGE_CURVE('',#1932,#1932,#1934,.T.);
#1932 = VERTEX_POINT('',#1933);
#1933 = CARTESIAN_POINT('',(29.109998712539,31.252,-4.780006940365));
#1934 = CIRCLE('',#1935,1.75);
#1935 = AXIS2_PLACEMENT_3D('',#1936,#1937,#1938);
#1936 = CARTESIAN_POINT('',(30.859998712539,31.252,-4.780007357598));
#1937 = DIRECTION('',(-2.384185934109E-07,-2.397142678459E-14,-1.));
#1938 = DIRECTION('',(-1.,8.988741229258E-14,2.384185934109E-07));
#1939 = FACE_BOUND('',#1940,.F.);
#1940 = EDGE_LOOP('',(#1941));
#1941 = ORIENTED_EDGE('',*,*,#1942,.T.);
#1942 = EDGE_CURVE('',#1943,#1943,#1945,.T.);
#1943 = VERTEX_POINT('',#1944);
#1944 = CARTESIAN_POINT('',(45.969998712538,15.322,-4.780010960102));
#1945 = CIRCLE('',#1946,1.65);
#1946 = AXIS2_PLACEMENT_3D('',#1947,#1948,#1949);
#1947 = CARTESIAN_POINT('',(47.619998712538,15.322,-4.780011353493));
#1948 = DIRECTION('',(2.384185934109E-07,2.38487815026E-14,1.));
#1949 = DIRECTION('',(-1.,0.,2.384185934109E-07));
#1950 = PLANE('',#1951);
#1951 = AXIS2_PLACEMENT_3D('',#1952,#1953,#1954);
#1952 = CARTESIAN_POINT('',(43.666584809485,19.224834008621,
    -4.780010410926));
#1953 = DIRECTION('',(2.384185934109E-07,2.397142678459E-14,1.));
#1954 = DIRECTION('',(5.715233856033E-21,-1.,2.397142678459E-14));
#1955 = ADVANCED_FACE('',(#1956),#1967,.T.);
#1956 = FACE_BOUND('',#1957,.F.);
#1957 = EDGE_LOOP('',(#1958,#1959,#1965,#1966));
#1958 = ORIENTED_EDGE('',*,*,#1005,.T.);
#1959 = ORIENTED_EDGE('',*,*,#1960,.T.);
#1960 = EDGE_CURVE('',#998,#783,#1961,.T.);
#1961 = LINE('',#1962,#1963);
#1962 = CARTESIAN_POINT('',(45.449999999999,-9.,0.619989163876));
#1963 = VECTOR('',#1964,1.);
#1964 = DIRECTION('',(1.,-0.,-2.384185934109E-07));
#1965 = ORIENTED_EDGE('',*,*,#782,.F.);
#1966 = ORIENTED_EDGE('',*,*,#1860,.F.);
#1967 = CYLINDRICAL_SURFACE('',#1968,1.);
#1968 = AXIS2_PLACEMENT_3D('',#1969,#1970,#1971);
#1969 = CARTESIAN_POINT('',(45.449999999999,-10.,0.619989163876));
#1970 = DIRECTION('',(1.,-0.,-2.384185934109E-07));
#1971 = DIRECTION('',(2.384185934109E-07,2.399527211948E-14,1.));
#1972 = ADVANCED_FACE('',(#1973),#1992,.F.);
#1973 = FACE_BOUND('',#1974,.T.);
#1974 = EDGE_LOOP('',(#1975,#1984,#1990,#1991));
#1975 = ORIENTED_EDGE('',*,*,#1976,.T.);
#1976 = EDGE_CURVE('',#1885,#1977,#1979,.T.);
#1977 = VERTEX_POINT('',#1978);
#1978 = CARTESIAN_POINT('',(45.449999904631,32.102,0.219989163875));
#1979 = CIRCLE('',#1980,5.);
#1980 = AXIS2_PLACEMENT_3D('',#1981,#1982,#1983);
#1981 = CARTESIAN_POINT('',(45.449999904631,37.102,0.219989163875));
#1982 = DIRECTION('',(-1.,0.,2.384185934109E-07));
#1983 = DIRECTION('',(-2.384185934109E-07,-0.,-1.));
#1984 = ORIENTED_EDGE('',*,*,#1985,.T.);
#1985 = EDGE_CURVE('',#1977,#860,#1986,.T.);
#1986 = LINE('',#1987,#1988);
#1987 = CARTESIAN_POINT('',(45.449999904631,32.102,0.219989163875));
#1988 = VECTOR('',#1989,1.);
#1989 = DIRECTION('',(1.,0.,-2.384185934109E-07));
#1990 = ORIENTED_EDGE('',*,*,#867,.F.);
#1991 = ORIENTED_EDGE('',*,*,#1884,.F.);
#1992 = CYLINDRICAL_SURFACE('',#1993,5.);
#1993 = AXIS2_PLACEMENT_3D('',#1994,#1995,#1996);
#1994 = CARTESIAN_POINT('',(45.449999904631,37.102,0.219989163875));
#1995 = DIRECTION('',(1.,0.,-2.384185934109E-07));
#1996 = DIRECTION('',(-2.384185934109E-07,-2.397142678459E-14,-1.));
#1997 = ADVANCED_FACE('',(#1998),#2009,.F.);
#1998 = FACE_BOUND('',#1999,.T.);
#1999 = EDGE_LOOP('',(#2000,#2001,#2002,#2003));
#2000 = ORIENTED_EDGE('',*,*,#995,.T.);
#2001 = ORIENTED_EDGE('',*,*,#1960,.T.);
#2002 = ORIENTED_EDGE('',*,*,#791,.F.);
#2003 = ORIENTED_EDGE('',*,*,#2004,.F.);
#2004 = EDGE_CURVE('',#996,#792,#2005,.T.);
#2005 = LINE('',#2006,#2007);
#2006 = CARTESIAN_POINT('',(45.449999904631,-9.,0.219989163876));
#2007 = VECTOR('',#2008,1.);
#2008 = DIRECTION('',(1.,0.,-2.384185934109E-07));
#2009 = PLANE('',#2010);
#2010 = AXIS2_PLACEMENT_3D('',#2011,#2012,#2013);
#2011 = CARTESIAN_POINT('',(45.449998712538,-9.,-4.780010836124));
#2012 = DIRECTION('',(5.720079228522E-21,-1.,2.399174974858E-14));
#2013 = DIRECTION('',(-1.,0.,2.384185934109E-07));
#2014 = ADVANCED_FACE('',(#2015),#2033,.T.);
#2015 = FACE_BOUND('',#2016,.F.);
#2016 = EDGE_LOOP('',(#2017,#2025,#2026,#2027));
#2017 = ORIENTED_EDGE('',*,*,#2018,.F.);
#2018 = EDGE_CURVE('',#1977,#2019,#2021,.T.);
#2019 = VERTEX_POINT('',#2020);
#2020 = CARTESIAN_POINT('',(45.449999999999,32.102,0.619989163875));
#2021 = LINE('',#2022,#2023);
#2022 = CARTESIAN_POINT('',(45.449997854231,32.102,-8.380010836125));
#2023 = VECTOR('',#2024,1.);
#2024 = DIRECTION('',(2.384185934109E-07,2.385E-14,1.));
#2025 = ORIENTED_EDGE('',*,*,#1985,.T.);
#2026 = ORIENTED_EDGE('',*,*,#859,.T.);
#2027 = ORIENTED_EDGE('',*,*,#2028,.T.);
#2028 = EDGE_CURVE('',#851,#2019,#2029,.T.);
#2029 = LINE('',#2030,#2031);
#2030 = CARTESIAN_POINT('',(50.799999999999,32.102,0.619987888335));
#2031 = VECTOR('',#2032,1.);
#2032 = DIRECTION('',(-1.,-0.,2.384185934109E-07));
#2033 = PLANE('',#2034);
#2034 = AXIS2_PLACEMENT_3D('',#2035,#2036,#2037);
#2035 = CARTESIAN_POINT('',(50.799997854231,32.102,-8.380012111664));
#2036 = DIRECTION('',(-5.686283452849E-21,1.,-2.385E-14));
#2037 = DIRECTION('',(1.,0.,-2.384185934109E-07));
#2038 = ADVANCED_FACE('',(#2039),#2045,.F.);
#2039 = FACE_BOUND('',#2040,.T.);
#2040 = EDGE_LOOP('',(#2041,#2042,#2043,#2044));
#2041 = ORIENTED_EDGE('',*,*,#1085,.T.);
#2042 = ORIENTED_EDGE('',*,*,#2004,.T.);
#2043 = ORIENTED_EDGE('',*,*,#799,.F.);
#2044 = ORIENTED_EDGE('',*,*,#1923,.F.);
#2045 = CYLINDRICAL_SURFACE('',#2046,5.);
#2046 = AXIS2_PLACEMENT_3D('',#2047,#2048,#2049);
#2047 = CARTESIAN_POINT('',(45.449999904631,-4.,0.219989163876));
#2048 = DIRECTION('',(1.,0.,-2.384185934109E-07));
#2049 = DIRECTION('',(-2.384185934109E-07,-2.397142678459E-14,-1.));
#2050 = ADVANCED_FACE('',(#2051),#2070,.T.);
#2051 = FACE_BOUND('',#2052,.F.);
#2052 = EDGE_LOOP('',(#2053,#2054,#2062,#2069));
#2053 = ORIENTED_EDGE('',*,*,#850,.T.);
#2054 = ORIENTED_EDGE('',*,*,#2055,.T.);
#2055 = EDGE_CURVE('',#843,#2056,#2058,.T.);
#2056 = VERTEX_POINT('',#2057);
#2057 = CARTESIAN_POINT('',(45.450000238417,31.102,1.619989163875));
#2058 = LINE('',#2059,#2060);
#2059 = CARTESIAN_POINT('',(50.800000238417,31.102,1.619987888335));
#2060 = VECTOR('',#2061,1.);
#2061 = DIRECTION('',(-1.,-0.,2.384185934109E-07));
#2062 = ORIENTED_EDGE('',*,*,#2063,.F.);
#2063 = EDGE_CURVE('',#2019,#2056,#2064,.T.);
#2064 = CIRCLE('',#2065,1.);
#2065 = AXIS2_PLACEMENT_3D('',#2066,#2067,#2068);
#2066 = CARTESIAN_POINT('',(45.449999999999,31.102,0.619989163875));
#2067 = DIRECTION('',(1.,-0.,-2.384185934109E-07));
#2068 = DIRECTION('',(2.384185934109E-07,-0.,1.));
#2069 = ORIENTED_EDGE('',*,*,#2028,.F.);
#2070 = CYLINDRICAL_SURFACE('',#2071,1.);
#2071 = AXIS2_PLACEMENT_3D('',#2072,#2073,#2074);
#2072 = CARTESIAN_POINT('',(50.799999999999,31.102,0.619987888335));
#2073 = DIRECTION('',(-1.,-0.,2.384185934109E-07));
#2074 = DIRECTION('',(-5.686283452849E-21,1.,-2.385E-14));
#2075 = ADVANCED_FACE('',(#2076),#2094,.T.);
#2076 = FACE_BOUND('',#2077,.F.);
#2077 = EDGE_LOOP('',(#2078,#2086,#2087,#2088));
#2078 = ORIENTED_EDGE('',*,*,#2079,.F.);
#2079 = EDGE_CURVE('',#2056,#2080,#2082,.T.);
#2080 = VERTEX_POINT('',#2081);
#2081 = CARTESIAN_POINT('',(45.450000238417,25.102,1.619989163875));
#2082 = LINE('',#2083,#2084);
#2083 = CARTESIAN_POINT('',(45.450000238417,32.102,1.619989163875));
#2084 = VECTOR('',#2085,1.);
#2085 = DIRECTION('',(5.72204624186E-21,-1.,2.4E-14));
#2086 = ORIENTED_EDGE('',*,*,#2055,.F.);
#2087 = ORIENTED_EDGE('',*,*,#842,.F.);
#2088 = ORIENTED_EDGE('',*,*,#2089,.F.);
#2089 = EDGE_CURVE('',#2080,#834,#2090,.T.);
#2090 = LINE('',#2091,#2092);
#2091 = CARTESIAN_POINT('',(45.450000238417,25.102,1.619989163875));
#2092 = VECTOR('',#2093,1.);
#2093 = DIRECTION('',(1.,-0.,-2.384185934109E-07));
#2094 = PLANE('',#2095);
#2095 = AXIS2_PLACEMENT_3D('',#2096,#2097,#2098);
#2096 = CARTESIAN_POINT('',(48.125000238417,-19.63133333333,
    1.619988526106));
#2097 = DIRECTION('',(2.384185934109E-07,2.385E-14,1.));
#2098 = DIRECTION('',(5.686283452849E-21,-1.,2.385E-14));
#2099 = ADVANCED_FACE('',(#2100),#2119,.F.);
#2100 = FACE_BOUND('',#2101,.T.);
#2101 = EDGE_LOOP('',(#2102,#2103,#2111,#2118));
#2102 = ORIENTED_EDGE('',*,*,#816,.T.);
#2103 = ORIENTED_EDGE('',*,*,#2104,.T.);
#2104 = EDGE_CURVE('',#817,#2105,#2107,.T.);
#2105 = VERTEX_POINT('',#2106);
#2106 = CARTESIAN_POINT('',(45.449999904631,24.102,0.219989163875));
#2107 = LINE('',#2108,#2109);
#2108 = CARTESIAN_POINT('',(50.799999904631,24.102,0.219987888336));
#2109 = VECTOR('',#2110,1.);
#2110 = DIRECTION('',(-1.,0.,2.384185934109E-07));
#2111 = ORIENTED_EDGE('',*,*,#2112,.F.);
#2112 = EDGE_CURVE('',#1909,#2105,#2113,.T.);
#2113 = CIRCLE('',#2114,5.);
#2114 = AXIS2_PLACEMENT_3D('',#2115,#2116,#2117);
#2115 = CARTESIAN_POINT('',(45.449999904631,19.102,0.219989163875));
#2116 = DIRECTION('',(1.,0.,-2.384185934109E-07));
#2117 = DIRECTION('',(2.384185934109E-07,0.,1.));
#2118 = ORIENTED_EDGE('',*,*,#1916,.F.);
#2119 = CYLINDRICAL_SURFACE('',#2120,5.);
#2120 = AXIS2_PLACEMENT_3D('',#2121,#2122,#2123);
#2121 = CARTESIAN_POINT('',(50.799999904631,19.102,0.219987888336));
#2122 = DIRECTION('',(-1.,0.,2.384185934109E-07));
#2123 = DIRECTION('',(-2.384185934109E-07,-2.397142678459E-14,-1.));
#2124 = ADVANCED_FACE('',(#2125),#2144,.T.);
#2125 = FACE_BOUND('',#2126,.T.);
#2126 = EDGE_LOOP('',(#2127,#2136,#2142,#2143));
#2127 = ORIENTED_EDGE('',*,*,#2128,.T.);
#2128 = EDGE_CURVE('',#2080,#2129,#2131,.T.);
#2129 = VERTEX_POINT('',#2130);
#2130 = CARTESIAN_POINT('',(45.449999999999,24.102,0.619989163875));
#2131 = CIRCLE('',#2132,1.);
#2132 = AXIS2_PLACEMENT_3D('',#2133,#2134,#2135);
#2133 = CARTESIAN_POINT('',(45.449999999999,25.102,0.619989163875));
#2134 = DIRECTION('',(1.,0.,-2.384185934109E-07));
#2135 = DIRECTION('',(-2.384185934109E-07,-0.,-1.));
#2136 = ORIENTED_EDGE('',*,*,#2137,.T.);
#2137 = EDGE_CURVE('',#2129,#826,#2138,.T.);
#2138 = LINE('',#2139,#2140);
#2139 = CARTESIAN_POINT('',(45.449999999999,24.102,0.619989163875));
#2140 = VECTOR('',#2141,1.);
#2141 = DIRECTION('',(1.,-0.,-2.384185934109E-07));
#2142 = ORIENTED_EDGE('',*,*,#833,.F.);
#2143 = ORIENTED_EDGE('',*,*,#2089,.F.);
#2144 = CYLINDRICAL_SURFACE('',#2145,1.);
#2145 = AXIS2_PLACEMENT_3D('',#2146,#2147,#2148);
#2146 = CARTESIAN_POINT('',(45.449999999999,25.102,0.619989163875));
#2147 = DIRECTION('',(1.,-0.,-2.384185934109E-07));
#2148 = DIRECTION('',(2.384185934109E-07,2.385E-14,1.));
#2149 = ADVANCED_FACE('',(#2150),#2161,.T.);
#2150 = FACE_BOUND('',#2151,.F.);
#2151 = EDGE_LOOP('',(#2152,#2153,#2154,#2160));
#2152 = ORIENTED_EDGE('',*,*,#825,.F.);
#2153 = ORIENTED_EDGE('',*,*,#2104,.T.);
#2154 = ORIENTED_EDGE('',*,*,#2155,.T.);
#2155 = EDGE_CURVE('',#2105,#2129,#2156,.T.);
#2156 = LINE('',#2157,#2158);
#2157 = CARTESIAN_POINT('',(45.449997854231,24.102,-8.380010836125));
#2158 = VECTOR('',#2159,1.);
#2159 = DIRECTION('',(2.384185934109E-07,2.385E-14,1.));
#2160 = ORIENTED_EDGE('',*,*,#2137,.T.);
#2161 = PLANE('',#2162);
#2162 = AXIS2_PLACEMENT_3D('',#2163,#2164,#2165);
#2163 = CARTESIAN_POINT('',(45.449997854231,24.102,-8.380010836125));
#2164 = DIRECTION('',(5.686283452849E-21,-1.,2.385E-14));
#2165 = DIRECTION('',(-1.,0.,2.384185934109E-07));
#2166 = ADVANCED_FACE('',(#2167),#2187,.T.);
#2167 = FACE_BOUND('',#2168,.F.);
#2168 = EDGE_LOOP('',(#2169,#2178,#2179,#2180));
#2169 = ORIENTED_EDGE('',*,*,#2170,.F.);
#2170 = EDGE_CURVE('',#909,#2171,#2173,.T.);
#2171 = VERTEX_POINT('',#2172);
#2172 = CARTESIAN_POINT('',(50.299999940394,-13.498,0.369988007545));
#2173 = CIRCLE('',#2174,0.5);
#2174 = AXIS2_PLACEMENT_3D('',#2175,#2176,#2177);
#2175 = CARTESIAN_POINT('',(50.300000059603,-13.498,0.869988007545));
#2176 = DIRECTION('',(-0.,1.,0.));
#2177 = DIRECTION('',(2.384185934109E-07,0.,1.));
#2178 = ORIENTED_EDGE('',*,*,#908,.F.);
#2179 = ORIENTED_EDGE('',*,*,#2170,.T.);
#2180 = ORIENTED_EDGE('',*,*,#2181,.T.);
#2181 = EDGE_CURVE('',#2171,#2171,#2182,.T.);
#2182 = CIRCLE('',#2183,2.4);
#2183 = AXIS2_PLACEMENT_3D('',#2184,#2185,#2186);
#2184 = CARTESIAN_POINT('',(50.299999368189,-13.498,-2.030011992455));
#2185 = DIRECTION('',(-1.,0.,2.384185934109E-07));
#2186 = DIRECTION('',(2.384185934109E-07,0.,1.));
#2187 = TOROIDAL_SURFACE('',#2188,2.9,0.5);
#2188 = AXIS2_PLACEMENT_3D('',#2189,#2190,#2191);
#2189 = CARTESIAN_POINT('',(50.299999368189,-13.498,-2.030011992455));
#2190 = DIRECTION('',(1.,0.,-2.384185934109E-07));
#2191 = DIRECTION('',(2.384185934109E-07,0.,1.));
#2192 = ADVANCED_FACE('',(#2193),#2213,.T.);
#2193 = FACE_BOUND('',#2194,.F.);
#2194 = EDGE_LOOP('',(#2195,#2204,#2205,#2206));
#2195 = ORIENTED_EDGE('',*,*,#2196,.F.);
#2196 = EDGE_CURVE('',#920,#2197,#2199,.T.);
#2197 = VERTEX_POINT('',#2198);
#2198 = CARTESIAN_POINT('',(50.299999940394,28.102,0.369988007545));
#2199 = CIRCLE('',#2200,0.5);
#2200 = AXIS2_PLACEMENT_3D('',#2201,#2202,#2203);
#2201 = CARTESIAN_POINT('',(50.300000059603,28.102,0.869988007545));
#2202 = DIRECTION('',(-0.,1.,0.));
#2203 = DIRECTION('',(2.384185934109E-07,0.,1.));
#2204 = ORIENTED_EDGE('',*,*,#919,.F.);
#2205 = ORIENTED_EDGE('',*,*,#2196,.T.);
#2206 = ORIENTED_EDGE('',*,*,#2207,.T.);
#2207 = EDGE_CURVE('',#2197,#2197,#2208,.T.);
#2208 = CIRCLE('',#2209,2.4);
#2209 = AXIS2_PLACEMENT_3D('',#2210,#2211,#2212);
#2210 = CARTESIAN_POINT('',(50.299999368189,28.102,-2.030011992455));
#2211 = DIRECTION('',(-1.,0.,2.384185934109E-07));
#2212 = DIRECTION('',(2.384185934109E-07,0.,1.));
#2213 = TOROIDAL_SURFACE('',#2214,2.9,0.5);
#2214 = AXIS2_PLACEMENT_3D('',#2215,#2216,#2217);
#2215 = CARTESIAN_POINT('',(50.299999368189,28.102,-2.030011992455));
#2216 = DIRECTION('',(1.,0.,-2.384185934109E-07));
#2217 = DIRECTION('',(2.384185934109E-07,0.,1.));
#2218 = ADVANCED_FACE('',(#2219),#2225,.T.);
#2219 = FACE_BOUND('',#2220,.F.);
#2220 = EDGE_LOOP('',(#2221,#2222,#2223,#2224));
#2221 = ORIENTED_EDGE('',*,*,#1550,.F.);
#2222 = ORIENTED_EDGE('',*,*,#1054,.T.);
#2223 = ORIENTED_EDGE('',*,*,#1598,.T.);
#2224 = ORIENTED_EDGE('',*,*,#1573,.F.);
#2225 = PLANE('',#2226);
#2226 = AXIS2_PLACEMENT_3D('',#2227,#2228,#2229);
#2227 = CARTESIAN_POINT('',(46.799998712538,7.302,-4.780011157989));
#2228 = DIRECTION('',(2.384185934109E-07,2.384920601472E-14,1.));
#2229 = DIRECTION('',(5.686094151995E-21,-1.,2.384920601472E-14));
#2230 = ADVANCED_FACE('',(#2231),#2242,.F.);
#2231 = FACE_BOUND('',#2232,.T.);
#2232 = EDGE_LOOP('',(#2233,#2239,#2240,#2241));
#2233 = ORIENTED_EDGE('',*,*,#2234,.T.);
#2234 = EDGE_CURVE('',#2171,#1095,#2235,.T.);
#2235 = LINE('',#2236,#2237);
#2236 = CARTESIAN_POINT('',(50.799999940394,-13.498,0.369987888335));
#2237 = VECTOR('',#2238,1.);
#2238 = DIRECTION('',(-1.,0.,2.384185931888E-07));
#2239 = ORIENTED_EDGE('',*,*,#1094,.T.);
#2240 = ORIENTED_EDGE('',*,*,#2234,.F.);
#2241 = ORIENTED_EDGE('',*,*,#2181,.F.);
#2242 = CYLINDRICAL_SURFACE('',#2243,2.4);
#2243 = AXIS2_PLACEMENT_3D('',#2244,#2245,#2246);
#2244 = CARTESIAN_POINT('',(50.799999368189,-13.498,-2.030012111664));
#2245 = DIRECTION('',(1.,0.,-2.384185931888E-07));
#2246 = DIRECTION('',(2.384185931888E-07,0.,1.));
#2247 = ADVANCED_FACE('',(#2248),#2427,.F.);
#2248 = FACE_BOUND('',#2249,.F.);
#2249 = EDGE_LOOP('',(#2250,#2251,#2259,#2276,#2303,#2330,#2357,#2384,
    #2411,#2426));
#2250 = ORIENTED_EDGE('',*,*,#1150,.T.);
#2251 = ORIENTED_EDGE('',*,*,#2252,.T.);
#2252 = EDGE_CURVE('',#1142,#2253,#2255,.T.);
#2253 = VERTEX_POINT('',#2254);
#2254 = CARTESIAN_POINT('',(29.159998592084,-45.348,-5.285232256514));
#2255 = LINE('',#2256,#2257);
#2256 = CARTESIAN_POINT('',(29.15999985218,-45.348,-6.952286166097E-06)
  );
#2257 = VECTOR('',#2258,1.);
#2258 = DIRECTION('',(-2.384185933487E-07,0.,-1.));
#2259 = ORIENTED_EDGE('',*,*,#2260,.T.);
#2260 = EDGE_CURVE('',#2253,#2261,#2263,.T.);
#2261 = VERTEX_POINT('',#2262);
#2262 = CARTESIAN_POINT('',(29.387755420262,-46.19799999999,
    -5.223941686266));
#2263 = B_SPLINE_CURVE_WITH_KNOTS('',6,(#2264,#2265,#2266,#2267,#2268,
    #2269,#2270,#2271,#2272,#2273,#2274,#2275),.UNSPECIFIED.,.F.,.F.,(7,
    5,7),(0.,0.5057612213,1.),.UNSPECIFIED.);
#2264 = CARTESIAN_POINT('',(29.159998592084,-45.348,-5.285232256514));
#2265 = CARTESIAN_POINT('',(29.159998592084,-45.4257273822,
    -5.285232256514));
#2266 = CARTESIAN_POINT('',(29.164263060041,-45.5034575526,
    -5.28383764527));
#2267 = CARTESIAN_POINT('',(29.172793626159,-45.58062232534,
    -5.281047182264));
#2268 = CARTESIAN_POINT('',(29.185459558829,-45.65666584103,
    -5.276983487613));
#2269 = CARTESIAN_POINT('',(29.202025259201,-45.73114864886,
    -5.271870946202));
#2270 = CARTESIAN_POINT('',(29.241968565788,-45.87468918171,
    -5.260156905093));
#2271 = CARTESIAN_POINT('',(29.265183000318,-45.9438346551,
    -5.253591948024));
#2272 = CARTESIAN_POINT('',(29.291625940536,-46.01088578851,
    -5.246472972062));
#2273 = CARTESIAN_POINT('',(29.321026863422,-46.07565729135,
    -5.239037840492));
#2274 = CARTESIAN_POINT('',(29.353142718269,-46.13804904467,
    -5.231478624178));
#2275 = CARTESIAN_POINT('',(29.387755420262,-46.19799999999,
    -5.223941686266));
#2276 = ORIENTED_EDGE('',*,*,#2277,.T.);
#2277 = EDGE_CURVE('',#2261,#2278,#2280,.T.);
#2278 = VERTEX_POINT('',#2279);
#2279 = CARTESIAN_POINT('',(30.859998606696,-47.048,-5.223942037276));
#2280 = B_SPLINE_CURVE_WITH_KNOTS('',6,(#2281,#2282,#2283,#2284,#2285,
    #2286,#2287,#2288,#2289,#2290,#2291,#2292,#2293,#2294,#2295,#2296,
    #2297,#2298,#2299,#2300,#2301,#2302),.UNSPECIFIED.,.F.,.F.,(7,5,5,5,
    7),(0.,0.247937798345,0.500000694773,0.751697150211,1.),
  .UNSPECIFIED.);
#2281 = CARTESIAN_POINT('',(29.387755420262,-46.19799999999,
    -5.223941686266));
#2282 = CARTESIAN_POINT('',(29.422482750306,-46.25814950316,
    -5.231503601854));
#2283 = CARTESIAN_POINT('',(29.460594596902,-46.31735080947,
    -5.239087999903));
#2284 = CARTESIAN_POINT('',(29.502147715208,-46.37538238977,
    -5.246546929922));
#2285 = CARTESIAN_POINT('',(29.547177198325,-46.43198091842,
    -5.253686301996));
#2286 = CARTESIAN_POINT('',(29.595657151605,-46.48681575672,
    -5.260265619226));
#2287 = CARTESIAN_POINT('',(29.700105700756,-46.59310734854,
    -5.271953678432));
#2288 = CARTESIAN_POINT('',(29.75618765231,-46.64449470779,
    -5.277036164931));
#2289 = CARTESIAN_POINT('',(29.815547253291,-46.69329783566,
    -5.281074463148));
#2290 = CARTESIAN_POINT('',(29.877923287311,-46.7390972168,
    -5.283846915986));
#2291 = CARTESIAN_POINT('',(29.942903450034,-46.78150585547,
    -5.285232463477));
#2292 = CARTESIAN_POINT('',(30.076998408795,-46.85892548138,
    -5.285232457319));
#2293 = CARTESIAN_POINT('',(30.14611178776,-46.89394986362,
    -5.283850927941));
#2294 = CARTESIAN_POINT('',(30.21685551971,-46.92503552612,
    -5.28108653291));
#2295 = CARTESIAN_POINT('',(30.288690753853,-46.95201942793,
    -5.277059610484));
#2296 = CARTESIAN_POINT('',(30.361125556097,-46.97488476275,
    -5.271990586055));
#2297 = CARTESIAN_POINT('',(30.505397876246,-47.01225236028,
    -5.260314261037));
#2298 = CARTESIAN_POINT('',(30.577232989147,-47.02686408964,
    -5.253728591592));
#2299 = CARTESIAN_POINT('',(30.64887102189,-47.03759374553,
    -5.246580150498));
#2300 = CARTESIAN_POINT('',(30.720011082841,-47.04458478911,
    -5.23911063457));
#2301 = CARTESIAN_POINT('',(30.790441678033,-47.048,-5.231515061948));
#2302 = CARTESIAN_POINT('',(30.859998606696,-47.048,-5.223942037276));
#2303 = ORIENTED_EDGE('',*,*,#2304,.T.);
#2304 = EDGE_CURVE('',#2278,#2305,#2307,.T.);
#2305 = VERTEX_POINT('',#2306);
#2306 = CARTESIAN_POINT('',(32.332241793131,-46.19799999999,
    -5.223942388287));
#2307 = B_SPLINE_CURVE_WITH_KNOTS('',6,(#2308,#2309,#2310,#2311,#2312,
    #2313,#2314,#2315,#2316,#2317,#2318,#2319,#2320,#2321,#2322,#2323,
    #2324,#2325,#2326,#2327,#2328,#2329),.UNSPECIFIED.,.F.,.F.,(7,5,5,5,
    7),(0.,0.247937798345,0.500000694773,0.751697150226,1.),
  .UNSPECIFIED.);
#2308 = CARTESIAN_POINT('',(30.859998606696,-47.048,-5.223942037276));
#2309 = CARTESIAN_POINT('',(30.929453268588,-47.048,-5.231503961144));
#2310 = CARTESIAN_POINT('',(30.999779026179,-47.04459482425,
    -5.239088366874));
#2311 = CARTESIAN_POINT('',(31.070812407201,-47.03762455679,
    -5.246547303921));
#2312 = CARTESIAN_POINT('',(31.142342911537,-47.02692714335,
    -5.253686682313));
#2313 = CARTESIAN_POINT('',(31.214071250376,-47.01235969002,
    -5.260266005087));
#2314 = CARTESIAN_POINT('',(31.358346742284,-46.97505038657,
    -5.271954073787));
#2315 = CARTESIAN_POINT('',(31.430890475994,-46.9521756704,
    -5.277036564212));
#2316 = CARTESIAN_POINT('',(31.502835024528,-46.9251703111,
    -5.281074865429));
#2317 = CARTESIAN_POINT('',(31.573686468751,-46.89405077105,
    -5.283847320288));
#2318 = CARTESIAN_POINT('',(31.642903508371,-46.85898061843,
    -5.285232868789));
#2319 = CARTESIAN_POINT('',(31.776998350549,-46.78156079058,
    -5.28523286263));
#2320 = CARTESIAN_POINT('',(31.841887044971,-46.73921904006,
    -5.283851332245));
#2321 = CARTESIAN_POINT('',(31.904179884695,-46.69349600285,
    -5.281086935199));
#2322 = CARTESIAN_POINT('',(31.963466246713,-46.64477681692,
    -5.277060009781));
#2323 = CARTESIAN_POINT('',(32.019485609259,-46.59347910651,
    -5.271990981437));
#2324 = CARTESIAN_POINT('',(32.123983059463,-46.48721941338,
    -5.260314646936));
#2325 = CARTESIAN_POINT('',(32.172554745519,-46.43231424677,
    -5.253728971945));
#2326 = CARTESIAN_POINT('',(32.217665917309,-46.37563871996,
    -5.246580524526));
#2327 = CARTESIAN_POINT('',(32.25929037001,-46.31752514328,
    -5.239111001561));
#2328 = CARTESIAN_POINT('',(32.297463327899,-46.25823806566,
    -5.23151542125));
#2329 = CARTESIAN_POINT('',(32.332241793131,-46.19799999999,
    -5.223942388287));
#2330 = ORIENTED_EDGE('',*,*,#2331,.T.);
#2331 = EDGE_CURVE('',#2305,#2332,#2334,.T.);
#2332 = VERTEX_POINT('',#2333);
#2333 = CARTESIAN_POINT('',(32.332241793128,-44.49799999999,
    -5.223942388287));
#2334 = B_SPLINE_CURVE_WITH_KNOTS('',6,(#2335,#2336,#2337,#2338,#2339,
    #2340,#2341,#2342,#2343,#2344,#2345,#2346,#2347,#2348,#2349,#2350,
    #2351,#2352,#2353,#2354,#2355,#2356),.UNSPECIFIED.,.F.,.F.,(7,5,5,5,
    7),(0.,0.247937798345,0.500000694773,0.751697150227,1.),
  .UNSPECIFIED.);
#2335 = CARTESIAN_POINT('',(32.332241793131,-46.19799999999,
    -5.223942388287));
#2336 = CARTESIAN_POINT('',(32.366969123175,-46.13785049682,
    -5.231504303874));
#2337 = CARTESIAN_POINT('',(32.399183032362,-46.07524401477,
    -5.239088700518));
#2338 = CARTESIAN_POINT('',(32.4286632933,-46.01024216702,
    -5.246547627658));
#2339 = CARTESIAN_POINT('',(32.455164312816,-45.94294622492,
    -5.253686995314));
#2340 = CARTESIAN_POINT('',(32.478412696806,-45.8735439333,
    -5.260266306529));
#2341 = CARTESIAN_POINT('',(32.518239636777,-45.72994303802,
    -5.271954350327));
#2342 = CARTESIAN_POINT('',(32.534701417721,-45.65568096261,
    -5.277036827381));
#2343 = CARTESIAN_POINT('',(32.54728636431,-45.57987247543,
    -5.281075114446));
#2344 = CARTESIAN_POINT('',(32.555761773853,-45.50295355424,
    -5.283847554433));
#2345 = CARTESIAN_POINT('',(32.559998650419,-45.42547476296,
    -5.285233087441));
#2346 = CARTESIAN_POINT('',(32.559998533832,-45.27063530919,
    -5.285233049312));
#2347 = CARTESIAN_POINT('',(32.555773849613,-45.19326917643,
    -5.283851502449));
#2348 = CARTESIAN_POINT('',(32.547322958041,-45.11646047672,
    -5.281087088536));
#2349 = CARTESIAN_POINT('',(32.534774086871,-45.04075738898,
    -5.277060145991));
#2350 = CARTESIAN_POINT('',(32.518358648378,-44.96659434375,
    -5.271991100377));
#2351 = CARTESIAN_POINT('',(32.478583781216,-44.82296705309,
    -5.260314731479));
#2352 = CARTESIAN_POINT('',(32.455320355946,-44.75345015712,
    -5.253729039361));
#2353 = CARTESIAN_POINT('',(32.428793496702,-44.68604497442,
    -5.246580574863));
#2354 = CARTESIAN_POINT('',(32.399277890237,-44.62094035417,
    -5.239111034937));
#2355 = CARTESIAN_POINT('',(32.367020254749,-44.55823806566,
    -5.231515437833));
#2356 = CARTESIAN_POINT('',(32.332241793128,-44.49799999999,
    -5.223942388287));
#2357 = ORIENTED_EDGE('',*,*,#2358,.T.);
#2358 = EDGE_CURVE('',#2332,#2359,#2361,.T.);
#2359 = VERTEX_POINT('',#2360);
#2360 = CARTESIAN_POINT('',(30.859998606698,-43.648,-5.223942037276));
#2361 = B_SPLINE_CURVE_WITH_KNOTS('',6,(#2362,#2363,#2364,#2365,#2366,
    #2367,#2368,#2369,#2370,#2371,#2372,#2373,#2374,#2375,#2376,#2377,
    #2378,#2379,#2380,#2381,#2382,#2383),.UNSPECIFIED.,.F.,.F.,(7,5,5,5,
    7),(0.,0.247937798344,0.500000694772,0.751697150212,1.),
  .UNSPECIFIED.);
#2362 = CARTESIAN_POINT('',(32.332241793128,-44.49799999999,
    -5.223942388287));
#2363 = CARTESIAN_POINT('',(32.297514459478,-44.43785049682,
    -5.231504287315));
#2364 = CARTESIAN_POINT('',(32.259402609266,-44.37864919052,
    -5.239088667191));
#2365 = CARTESIAN_POINT('',(32.217849487403,-44.32061761022,
    -5.246547577396));
#2366 = CARTESIAN_POINT('',(32.172820000881,-44.26401908157,
    -5.253686927998));
#2367 = CARTESIAN_POINT('',(32.124340044464,-44.20918424327,
    -5.260266222111));
#2368 = CARTESIAN_POINT('',(32.01989148974,-44.10289265145,
    -5.271954231511));
#2369 = CARTESIAN_POINT('',(31.963809535763,-44.0515052922,
    -5.277036691269));
#2370 = CARTESIAN_POINT('',(31.904449932856,-44.00270216433,
    -5.281074961181));
#2371 = CARTESIAN_POINT('',(31.842073897515,-43.95690278319,
    -5.283847384276));
#2372 = CARTESIAN_POINT('',(31.77709373413,-43.91449414452,
    -5.285232900782));
#2373 = CARTESIAN_POINT('',(31.64299877537,-43.83707451861,
    -5.285232830682));
#2374 = CARTESIAN_POINT('',(31.573885397064,-43.80205013637,
    -5.283851268349));
#2375 = CARTESIAN_POINT('',(31.50314166643,-43.77096447387,
    -5.281086839584));
#2376 = CARTESIAN_POINT('',(31.431306434208,-43.74398057206,
    -5.277059882905));
#2377 = CARTESIAN_POINT('',(31.35887163438,-43.72111523724,
    -5.271990823935));
#2378 = CARTESIAN_POINT('',(31.2145993198,-43.68374763971,
    -5.260314430123));
#2379 = CARTESIAN_POINT('',(31.14276421004,-43.66913591035,
    -5.253728726425));
#2380 = CARTESIAN_POINT('',(31.071126180707,-43.65840625446,
    -5.246580251171));
#2381 = CARTESIAN_POINT('',(30.999986123318,-43.65141521089,
    -5.239110701321));
#2382 = CARTESIAN_POINT('',(30.929555531749,-43.648,-5.231515095115));
#2383 = CARTESIAN_POINT('',(30.859998606698,-43.648,-5.223942037276));
#2384 = ORIENTED_EDGE('',*,*,#2385,.T.);
#2385 = EDGE_CURVE('',#2359,#2386,#2388,.T.);
#2386 = VERTEX_POINT('',#2387);
#2387 = CARTESIAN_POINT('',(29.387755420262,-44.498,-5.223941686266));
#2388 = B_SPLINE_CURVE_WITH_KNOTS('',6,(#2389,#2390,#2391,#2392,#2393,
    #2394,#2395,#2396,#2397,#2398,#2399,#2400,#2401,#2402,#2403,#2404,
    #2405,#2406,#2407,#2408,#2409,#2410),.UNSPECIFIED.,.F.,.F.,(7,5,5,5,
    7),(0.,0.247937798344,0.500000694773,0.751697150224,1.),
  .UNSPECIFIED.);
#2389 = CARTESIAN_POINT('',(30.859998606698,-43.648,-5.223942037276));
#2390 = CARTESIAN_POINT('',(30.7905439412,-43.648,-5.231503928025));
#2391 = CARTESIAN_POINT('',(30.720218179992,-43.65140517575,
    -5.239088300221));
#2392 = CARTESIAN_POINT('',(30.649184795413,-43.6583754432,
    -5.246547203397));
#2393 = CARTESIAN_POINT('',(30.577654287673,-43.66907285664,
    -5.253686547681));
#2394 = CARTESIAN_POINT('',(30.505925945697,-43.68364030997,
    -5.260265836252));
#2395 = CARTESIAN_POINT('',(30.361650448215,-43.72094961342,
    -5.271953836156));
#2396 = CARTESIAN_POINT('',(30.289106712082,-43.74382432959,
    -5.277036291989));
#2397 = CARTESIAN_POINT('',(30.217162161622,-43.77082968889,
    -5.281074558901));
#2398 = CARTESIAN_POINT('',(30.146310716078,-43.80194922894,
    -5.283846979975));
#2399 = CARTESIAN_POINT('',(30.077093675796,-43.83701938156,
    -5.285232495471));
#2400 = CARTESIAN_POINT('',(29.942998833619,-43.91443920941,
    -5.285232425371));
#2401 = CARTESIAN_POINT('',(29.878110139857,-43.95678095993,
    -5.283850864045));
#2402 = CARTESIAN_POINT('',(29.815817301451,-44.00250399714,
    -5.281086437295));
#2403 = CARTESIAN_POINT('',(29.756530941354,-44.05122318306,
    -5.277059483607));
#2404 = CARTESIAN_POINT('',(29.700511581225,-44.10252089347,
    -5.271990428551));
#2405 = CARTESIAN_POINT('',(29.596014136588,-44.20878058661,
    -5.260314044221));
#2406 = CARTESIAN_POINT('',(29.547442453672,-44.26368575322,
    -5.25372834607));
#2407 = CARTESIAN_POINT('',(29.502331285291,-44.32036128003,
    -5.24657987714));
#2408 = CARTESIAN_POINT('',(29.46070683615,-44.37847485671,
    -5.239110334327));
#2409 = CARTESIAN_POINT('',(29.422533881884,-44.43776193433,
    -5.231514735813));
#2410 = CARTESIAN_POINT('',(29.387755420262,-44.498,-5.223941686266));
#2411 = ORIENTED_EDGE('',*,*,#2412,.T.);
#2412 = EDGE_CURVE('',#2386,#2253,#2413,.T.);
#2413 = B_SPLINE_CURVE_WITH_KNOTS('',6,(#2414,#2415,#2416,#2417,#2418,
    #2419,#2420,#2421,#2422,#2423,#2424,#2425),.UNSPECIFIED.,.F.,.F.,(7,
    5,7),(0.,0.495875329112,1.),.UNSPECIFIED.);
#2414 = CARTESIAN_POINT('',(29.387755420262,-44.498,-5.223941686266));
#2415 = CARTESIAN_POINT('',(29.353028105303,-44.55814947079,
    -5.231503581225));
#2416 = CARTESIAN_POINT('',(29.320814196983,-44.6207559385,
    -5.239087902939));
#2417 = CARTESIAN_POINT('',(29.291333956635,-44.68575773427,
    -5.246546830143));
#2418 = CARTESIAN_POINT('',(29.264832943387,-44.75305362978,
    -5.253686221555));
#2419 = CARTESIAN_POINT('',(29.241584562504,-44.82245587769,
    -5.260265539379));
#2420 = CARTESIAN_POINT('',(29.201757652532,-44.96605656605,
    -5.271953554032));
#2421 = CARTESIAN_POINT('',(29.185295887004,-45.04031846873,
    -5.277035997253));
#2422 = CARTESIAN_POINT('',(29.172710940446,-45.11612677862,
    -5.281074235354));
#2423 = CARTESIAN_POINT('',(29.164235509146,-45.19304550308,
    -5.283846653076));
#2424 = CARTESIAN_POINT('',(29.159998592084,-45.27052412994,
    -5.285232256514));
#2425 = CARTESIAN_POINT('',(29.159998592084,-45.348,-5.285232256514));
#2426 = ORIENTED_EDGE('',*,*,#2252,.F.);
#2427 = CYLINDRICAL_SURFACE('',#2428,1.7);
#2428 = AXIS2_PLACEMENT_3D('',#2429,#2430,#2431);
#2429 = CARTESIAN_POINT('',(30.85999985218,-45.348,-7.357597774895E-06)
  );
#2430 = DIRECTION('',(-2.384185934109E-07,-0.,-1.));
#2431 = DIRECTION('',(-1.,0.,2.384185934109E-07));
#2432 = ADVANCED_FACE('',(#2433),#2458,.T.);
#2433 = FACE_BOUND('',#2434,.F.);
#2434 = EDGE_LOOP('',(#2435,#2443,#2451,#2457));
#2435 = ORIENTED_EDGE('',*,*,#2436,.T.);
#2436 = EDGE_CURVE('',#1260,#2437,#2439,.T.);
#2437 = VERTEX_POINT('',#2438);
#2438 = CARTESIAN_POINT('',(32.519898414515,28.376968864516,
    -6.030007753349));
#2439 = LINE('',#2440,#2441);
#2440 = CARTESIAN_POINT('',(32.519897854232,28.376968864516,
    -8.380007753348));
#2441 = VECTOR('',#2442,1.);
#2442 = DIRECTION('',(2.384185934109E-07,2.38487815026E-14,1.));
#2443 = ORIENTED_EDGE('',*,*,#2444,.T.);
#2444 = EDGE_CURVE('',#2437,#2445,#2447,.T.);
#2445 = VERTEX_POINT('',#2446);
#2446 = CARTESIAN_POINT('',(29.200098414516,28.376968864516,
    -6.030006961847));
#2447 = LINE('',#2448,#2449);
#2448 = CARTESIAN_POINT('',(32.519898414515,28.376968864516,
    -6.030007753349));
#2449 = VECTOR('',#2450,1.);
#2450 = DIRECTION('',(-1.,0.,2.384185934109E-07));
#2451 = ORIENTED_EDGE('',*,*,#2452,.F.);
#2452 = EDGE_CURVE('',#1269,#2445,#2453,.T.);
#2453 = LINE('',#2454,#2455);
#2454 = CARTESIAN_POINT('',(29.200097854232,28.376968864516,
    -8.380006961846));
#2455 = VECTOR('',#2456,1.);
#2456 = DIRECTION('',(2.384185934109E-07,2.38487815026E-14,1.));
#2457 = ORIENTED_EDGE('',*,*,#1268,.F.);
#2458 = PLANE('',#2459);
#2459 = AXIS2_PLACEMENT_3D('',#2460,#2461,#2462);
#2460 = CARTESIAN_POINT('',(32.519897854232,28.376968864516,
    -8.380007753348));
#2461 = DIRECTION('',(-5.685992940414E-21,1.,-2.38487815026E-14));
#2462 = DIRECTION('',(1.,0.,-2.384185934109E-07));
#2463 = ADVANCED_FACE('',(#2464),#2482,.T.);
#2464 = FACE_BOUND('',#2465,.F.);
#2465 = EDGE_LOOP('',(#2466,#2474,#2480,#2481));
#2466 = ORIENTED_EDGE('',*,*,#2467,.T.);
#2467 = EDGE_CURVE('',#1293,#2468,#2470,.T.);
#2468 = VERTEX_POINT('',#2469);
#2469 = CARTESIAN_POINT('',(34.179798414515,31.252,-6.0300081491));
#2470 = LINE('',#2471,#2472);
#2471 = CARTESIAN_POINT('',(34.179797854232,31.252,-8.3800081491));
#2472 = VECTOR('',#2473,1.);
#2473 = DIRECTION('',(2.384185934109E-07,2.38487815026E-14,1.));
#2474 = ORIENTED_EDGE('',*,*,#2475,.T.);
#2475 = EDGE_CURVE('',#2468,#2437,#2476,.T.);
#2476 = LINE('',#2477,#2478);
#2477 = CARTESIAN_POINT('',(34.179798414515,31.252,-6.0300081491));
#2478 = VECTOR('',#2479,1.);
#2479 = DIRECTION('',(-0.5,-0.866025403784,1.192093173591E-07));
#2480 = ORIENTED_EDGE('',*,*,#2436,.F.);
#2481 = ORIENTED_EDGE('',*,*,#1301,.F.);
#2482 = PLANE('',#2483);
#2483 = AXIS2_PLACEMENT_3D('',#2484,#2485,#2486);
#2484 = CARTESIAN_POINT('',(34.179797854232,31.252,-8.3800081491));
#2485 = DIRECTION('',(-0.866025403784,0.5,2.06476546704E-07));
#2486 = DIRECTION('',(0.5,0.866025403784,-1.192093173591E-07));
#2487 = ADVANCED_FACE('',(#2488),#2506,.T.);
#2488 = FACE_BOUND('',#2489,.F.);
#2489 = EDGE_LOOP('',(#2490,#2491,#2499,#2505));
#2490 = ORIENTED_EDGE('',*,*,#2452,.T.);
#2491 = ORIENTED_EDGE('',*,*,#2492,.T.);
#2492 = EDGE_CURVE('',#2445,#2493,#2495,.T.);
#2493 = VERTEX_POINT('',#2494);
#2494 = CARTESIAN_POINT('',(27.540198414516,31.252,-6.030006566096));
#2495 = LINE('',#2496,#2497);
#2496 = CARTESIAN_POINT('',(29.200098414516,28.376968864516,
    -6.030006961847));
#2497 = VECTOR('',#2498,1.);
#2498 = DIRECTION('',(-0.5,0.866025403784,1.192092760518E-07));
#2499 = ORIENTED_EDGE('',*,*,#2500,.F.);
#2500 = EDGE_CURVE('',#1319,#2493,#2501,.T.);
#2501 = LINE('',#2502,#2503);
#2502 = CARTESIAN_POINT('',(27.540197854232,31.252,-8.380006566095));
#2503 = VECTOR('',#2504,1.);
#2504 = DIRECTION('',(2.384185934109E-07,2.38487815026E-14,1.));
#2505 = ORIENTED_EDGE('',*,*,#1318,.F.);
#2506 = PLANE('',#2507);
#2507 = AXIS2_PLACEMENT_3D('',#2508,#2509,#2510);
#2508 = CARTESIAN_POINT('',(29.200097854232,28.376968864516,
    -8.380006961846));
#2509 = DIRECTION('',(0.866025403784,0.5,-2.064765705527E-07));
#2510 = DIRECTION('',(0.5,-0.866025403784,-1.192092760518E-07));
#2511 = ADVANCED_FACE('',(#2512),#2530,.T.);
#2512 = FACE_BOUND('',#2513,.F.);
#2513 = EDGE_LOOP('',(#2514,#2522,#2528,#2529));
#2514 = ORIENTED_EDGE('',*,*,#2515,.T.);
#2515 = EDGE_CURVE('',#1343,#2516,#2518,.T.);
#2516 = VERTEX_POINT('',#2517);
#2517 = CARTESIAN_POINT('',(32.519898414515,34.127031135484,
    -6.030007753349));
#2518 = LINE('',#2519,#2520);
#2519 = CARTESIAN_POINT('',(32.519897854232,34.127031135484,
    -8.380007753349));
#2520 = VECTOR('',#2521,1.);
#2521 = DIRECTION('',(2.384185934109E-07,2.38487815026E-14,1.));
#2522 = ORIENTED_EDGE('',*,*,#2523,.T.);
#2523 = EDGE_CURVE('',#2516,#2468,#2524,.T.);
#2524 = LINE('',#2525,#2526);
#2525 = CARTESIAN_POINT('',(32.519898414515,34.127031135484,
    -6.030007753349));
#2526 = VECTOR('',#2527,1.);
#2527 = DIRECTION('',(0.5,-0.866025403784,-1.192092760518E-07));
#2528 = ORIENTED_EDGE('',*,*,#2467,.F.);
#2529 = ORIENTED_EDGE('',*,*,#1351,.F.);
#2530 = PLANE('',#2531);
#2531 = AXIS2_PLACEMENT_3D('',#2532,#2533,#2534);
#2532 = CARTESIAN_POINT('',(32.519897854232,34.127031135484,
    -8.380007753349));
#2533 = DIRECTION('',(-0.866025403784,-0.5,2.064765705527E-07));
#2534 = DIRECTION('',(-0.5,0.866025403784,1.192092760518E-07));
#2535 = ADVANCED_FACE('',(#2536),#2554,.T.);
#2536 = FACE_BOUND('',#2537,.F.);
#2537 = EDGE_LOOP('',(#2538,#2539,#2547,#2553));
#2538 = ORIENTED_EDGE('',*,*,#2500,.T.);
#2539 = ORIENTED_EDGE('',*,*,#2540,.T.);
#2540 = EDGE_CURVE('',#2493,#2541,#2543,.T.);
#2541 = VERTEX_POINT('',#2542);
#2542 = CARTESIAN_POINT('',(29.200098414516,34.127031135484,
    -6.030006961847));
#2543 = LINE('',#2544,#2545);
#2544 = CARTESIAN_POINT('',(27.540198414516,31.252,-6.030006566096));
#2545 = VECTOR('',#2546,1.);
#2546 = DIRECTION('',(0.5,0.866025403784,-1.192093173591E-07));
#2547 = ORIENTED_EDGE('',*,*,#2548,.F.);
#2548 = EDGE_CURVE('',#1369,#2541,#2549,.T.);
#2549 = LINE('',#2550,#2551);
#2550 = CARTESIAN_POINT('',(29.200097854232,34.127031135484,
    -8.380006961847));
#2551 = VECTOR('',#2552,1.);
#2552 = DIRECTION('',(2.384185934109E-07,2.38487815026E-14,1.));
#2553 = ORIENTED_EDGE('',*,*,#1368,.F.);
#2554 = PLANE('',#2555);
#2555 = AXIS2_PLACEMENT_3D('',#2556,#2557,#2558);
#2556 = CARTESIAN_POINT('',(27.540197854232,31.252,-8.380006566095));
#2557 = DIRECTION('',(0.866025403784,-0.5,-2.06476546704E-07));
#2558 = DIRECTION('',(-0.5,-0.866025403784,1.192093173591E-07));
#2559 = ADVANCED_FACE('',(#2560),#2571,.T.);
#2560 = FACE_BOUND('',#2561,.F.);
#2561 = EDGE_LOOP('',(#2562,#2563,#2569,#2570));
#2562 = ORIENTED_EDGE('',*,*,#2548,.T.);
#2563 = ORIENTED_EDGE('',*,*,#2564,.T.);
#2564 = EDGE_CURVE('',#2541,#2516,#2565,.T.);
#2565 = LINE('',#2566,#2567);
#2566 = CARTESIAN_POINT('',(29.200098414516,34.127031135484,
    -6.030006961847));
#2567 = VECTOR('',#2568,1.);
#2568 = DIRECTION('',(1.,0.,-2.384185934109E-07));
#2569 = ORIENTED_EDGE('',*,*,#2515,.F.);
#2570 = ORIENTED_EDGE('',*,*,#1393,.F.);
#2571 = PLANE('',#2572);
#2572 = AXIS2_PLACEMENT_3D('',#2573,#2574,#2575);
#2573 = CARTESIAN_POINT('',(29.200097854232,34.127031135484,
    -8.380006961847));
#2574 = DIRECTION('',(5.685992940414E-21,-1.,2.38487815026E-14));
#2575 = DIRECTION('',(-1.,0.,2.384185934109E-07));
#2576 = ADVANCED_FACE('',(#2577),#2588,.F.);
#2577 = FACE_BOUND('',#2578,.F.);
#2578 = EDGE_LOOP('',(#2579,#2585,#2586,#2587));
#2579 = ORIENTED_EDGE('',*,*,#2580,.F.);
#2580 = EDGE_CURVE('',#1614,#1943,#2581,.T.);
#2581 = LINE('',#2582,#2583);
#2582 = CARTESIAN_POINT('',(45.969997854231,15.322,-8.380010960102));
#2583 = VECTOR('',#2584,1.);
#2584 = DIRECTION('',(2.384185934109E-07,2.38487815026E-14,1.));
#2585 = ORIENTED_EDGE('',*,*,#1624,.F.);
#2586 = ORIENTED_EDGE('',*,*,#2580,.T.);
#2587 = ORIENTED_EDGE('',*,*,#1942,.F.);
#2588 = CYLINDRICAL_SURFACE('',#2589,1.65);
#2589 = AXIS2_PLACEMENT_3D('',#2590,#2591,#2592);
#2590 = CARTESIAN_POINT('',(47.619997854231,15.322,-8.380011353493));
#2591 = DIRECTION('',(-2.384185934109E-07,-2.38487815026E-14,-1.));
#2592 = DIRECTION('',(-1.,0.,2.384185934109E-07));
#2593 = ADVANCED_FACE('',(#2594),#2619,.T.);
#2594 = FACE_BOUND('',#2595,.F.);
#2595 = EDGE_LOOP('',(#2596,#2604,#2612,#2618));
#2596 = ORIENTED_EDGE('',*,*,#2597,.T.);
#2597 = EDGE_CURVE('',#1658,#2598,#2600,.T.);
#2598 = VERTEX_POINT('',#2599);
#2599 = CARTESIAN_POINT('',(27.984967279031,-43.6881,-6.030006672135));
#2600 = LINE('',#2601,#2602);
#2601 = CARTESIAN_POINT('',(27.984966718747,-43.6881,-8.380006672135));
#2602 = VECTOR('',#2603,1.);
#2603 = DIRECTION('',(2.384185934109E-07,2.38487815026E-14,1.));
#2604 = ORIENTED_EDGE('',*,*,#2605,.T.);
#2605 = EDGE_CURVE('',#2598,#2606,#2608,.T.);
#2606 = VERTEX_POINT('',#2607);
#2607 = CARTESIAN_POINT('',(30.859998414517,-42.0282,-6.030007357596));
#2608 = LINE('',#2609,#2610);
#2609 = CARTESIAN_POINT('',(27.984967279031,-43.6881,-6.030006672135));
#2610 = VECTOR('',#2611,1.);
#2611 = DIRECTION('',(0.866025403784,0.5,-2.064765705527E-07));
#2612 = ORIENTED_EDGE('',*,*,#2613,.F.);
#2613 = EDGE_CURVE('',#1667,#2606,#2614,.T.);
#2614 = LINE('',#2615,#2616);
#2615 = CARTESIAN_POINT('',(30.859997854234,-42.0282,-8.380007357596));
#2616 = VECTOR('',#2617,1.);
#2617 = DIRECTION('',(2.384185934109E-07,2.38487815026E-14,1.));
#2618 = ORIENTED_EDGE('',*,*,#1666,.F.);
#2619 = PLANE('',#2620);
#2620 = AXIS2_PLACEMENT_3D('',#2621,#2622,#2623);
#2621 = CARTESIAN_POINT('',(27.984966718747,-43.6881,-8.380006672135));
#2622 = DIRECTION('',(0.5,-0.866025403784,-1.192092760518E-07));
#2623 = DIRECTION('',(-0.866025403784,-0.5,2.064765705527E-07));
#2624 = ADVANCED_FACE('',(#2625),#2651,.T.);
#2625 = FACE_BOUND('',#2626,.F.);
#2626 = EDGE_LOOP('',(#2627,#2635,#2643,#2649,#2650));
#2627 = ORIENTED_EDGE('',*,*,#2628,.T.);
#2628 = EDGE_CURVE('',#1691,#2629,#2631,.T.);
#2629 = VERTEX_POINT('',#2630);
#2630 = CARTESIAN_POINT('',(27.984967279029,-47.00789999999,
    -6.030006672135));
#2631 = LINE('',#2632,#2633);
#2632 = CARTESIAN_POINT('',(27.984966718746,-47.00789999999,
    -8.380006672135));
#2633 = VECTOR('',#2634,1.);
#2634 = DIRECTION('',(2.384185934109E-07,2.38487815026E-14,1.));
#2635 = ORIENTED_EDGE('',*,*,#2636,.T.);
#2636 = EDGE_CURVE('',#2629,#2637,#2639,.T.);
#2637 = VERTEX_POINT('',#2638);
#2638 = CARTESIAN_POINT('',(27.98496727903,-45.34799999999,
    -6.030006672135));
#2639 = LINE('',#2640,#2641);
#2640 = CARTESIAN_POINT('',(27.984967279029,-47.00789999999,
    -6.030006672135));
#2641 = VECTOR('',#2642,1.);
#2642 = DIRECTION('',(4.60569994314E-13,1.,-2.384889131105E-14));
#2643 = ORIENTED_EDGE('',*,*,#2644,.T.);
#2644 = EDGE_CURVE('',#2637,#2598,#2645,.T.);
#2645 = LINE('',#2646,#2647);
#2646 = CARTESIAN_POINT('',(27.984967279029,-47.00789999999,
    -6.030006672135));
#2647 = VECTOR('',#2648,1.);
#2648 = DIRECTION('',(4.60569994314E-13,1.,-2.384889131105E-14));
#2649 = ORIENTED_EDGE('',*,*,#2597,.F.);
#2650 = ORIENTED_EDGE('',*,*,#1699,.F.);
#2651 = PLANE('',#2652);
#2652 = AXIS2_PLACEMENT_3D('',#2653,#2654,#2655);
#2653 = CARTESIAN_POINT('',(27.984966718746,-47.00789999999,
    -8.380006672135));
#2654 = DIRECTION('',(1.,-4.6057E-13,-2.384185934109E-07));
#2655 = DIRECTION('',(-4.60569994314E-13,-1.,2.384889131105E-14));
#2656 = ADVANCED_FACE('',(#2657),#2675,.T.);
#2657 = FACE_BOUND('',#2658,.F.);
#2658 = EDGE_LOOP('',(#2659,#2660,#2668,#2674));
#2659 = ORIENTED_EDGE('',*,*,#2613,.T.);
#2660 = ORIENTED_EDGE('',*,*,#2661,.T.);
#2661 = EDGE_CURVE('',#2606,#2662,#2664,.T.);
#2662 = VERTEX_POINT('',#2663);
#2663 = CARTESIAN_POINT('',(33.735029549996,-43.68809999999,
    -6.030008043057));
#2664 = LINE('',#2665,#2666);
#2665 = CARTESIAN_POINT('',(30.859998414517,-42.0282,-6.030007357596));
#2666 = VECTOR('',#2667,1.);
#2667 = DIRECTION('',(0.866025403785,-0.499999999999,-2.06476546704E-07)
  );
#2668 = ORIENTED_EDGE('',*,*,#2669,.F.);
#2669 = EDGE_CURVE('',#1717,#2662,#2670,.T.);
#2670 = LINE('',#2671,#2672);
#2671 = CARTESIAN_POINT('',(33.735028989712,-43.68809999999,
    -8.380008043057));
#2672 = VECTOR('',#2673,1.);
#2673 = DIRECTION('',(2.384185934109E-07,2.38487815026E-14,1.));
#2674 = ORIENTED_EDGE('',*,*,#1716,.F.);
#2675 = PLANE('',#2676);
#2676 = AXIS2_PLACEMENT_3D('',#2677,#2678,#2679);
#2677 = CARTESIAN_POINT('',(30.859997854234,-42.0282,-8.380007357596));
#2678 = DIRECTION('',(-0.499999999999,-0.866025403785,1.192093173589E-07
    ));
#2679 = DIRECTION('',(-0.866025403785,0.499999999999,2.06476546704E-07)
  );
#2680 = ADVANCED_FACE('',(#2681),#2699,.T.);
#2681 = FACE_BOUND('',#2682,.F.);
#2682 = EDGE_LOOP('',(#2683,#2691,#2697,#2698));
#2683 = ORIENTED_EDGE('',*,*,#2684,.T.);
#2684 = EDGE_CURVE('',#1741,#2685,#2687,.T.);
#2685 = VERTEX_POINT('',#2686);
#2686 = CARTESIAN_POINT('',(30.859998414514,-48.6678,-6.030007357596));
#2687 = LINE('',#2688,#2689);
#2688 = CARTESIAN_POINT('',(30.859997854231,-48.6678,-8.380007357596));
#2689 = VECTOR('',#2690,1.);
#2690 = DIRECTION('',(2.384185934109E-07,2.38487815026E-14,1.));
#2691 = ORIENTED_EDGE('',*,*,#2692,.T.);
#2692 = EDGE_CURVE('',#2685,#2629,#2693,.T.);
#2693 = LINE('',#2694,#2695);
#2694 = CARTESIAN_POINT('',(30.859998414514,-48.6678,-6.030007357596));
#2695 = VECTOR('',#2696,1.);
#2696 = DIRECTION('',(-0.866025403784,0.500000000001,2.064765467039E-07)
  );
#2697 = ORIENTED_EDGE('',*,*,#2628,.F.);
#2698 = ORIENTED_EDGE('',*,*,#1749,.F.);
#2699 = PLANE('',#2700);
#2700 = AXIS2_PLACEMENT_3D('',#2701,#2702,#2703);
#2701 = CARTESIAN_POINT('',(30.859997854231,-48.6678,-8.380007357596));
#2702 = DIRECTION('',(0.500000000001,0.866025403784,-1.192093173593E-07)
  );
#2703 = DIRECTION('',(0.866025403784,-0.500000000001,-2.064765467039E-07
    ));
#2704 = ADVANCED_FACE('',(#2705),#2723,.T.);
#2705 = FACE_BOUND('',#2706,.F.);
#2706 = EDGE_LOOP('',(#2707,#2708,#2716,#2722));
#2707 = ORIENTED_EDGE('',*,*,#2669,.T.);
#2708 = ORIENTED_EDGE('',*,*,#2709,.T.);
#2709 = EDGE_CURVE('',#2662,#2710,#2712,.T.);
#2710 = VERTEX_POINT('',#2711);
#2711 = CARTESIAN_POINT('',(33.73502955,-47.00789999999,-6.030008043057)
  );
#2712 = LINE('',#2713,#2714);
#2713 = CARTESIAN_POINT('',(33.735029549996,-43.68809999999,
    -6.030008043057));
#2714 = VECTOR('',#2715,1.);
#2715 = DIRECTION('',(1.442980005686E-12,-1.,2.384843746934E-14));
#2716 = ORIENTED_EDGE('',*,*,#2717,.F.);
#2717 = EDGE_CURVE('',#1767,#2710,#2718,.T.);
#2718 = LINE('',#2719,#2720);
#2719 = CARTESIAN_POINT('',(33.735028989717,-47.00789999999,
    -8.380008043057));
#2720 = VECTOR('',#2721,1.);
#2721 = DIRECTION('',(2.384185934109E-07,2.38487815026E-14,1.));
#2722 = ORIENTED_EDGE('',*,*,#1766,.F.);
#2723 = PLANE('',#2724);
#2724 = AXIS2_PLACEMENT_3D('',#2725,#2726,#2727);
#2725 = CARTESIAN_POINT('',(33.735028989712,-43.68809999999,
    -8.380008043057));
#2726 = DIRECTION('',(-1.,-1.44298E-12,2.384185934109E-07));
#2727 = DIRECTION('',(-1.442980005686E-12,1.,-2.384843746934E-14));
#2728 = ADVANCED_FACE('',(#2729),#2740,.T.);
#2729 = FACE_BOUND('',#2730,.F.);
#2730 = EDGE_LOOP('',(#2731,#2732,#2738,#2739));
#2731 = ORIENTED_EDGE('',*,*,#2717,.T.);
#2732 = ORIENTED_EDGE('',*,*,#2733,.T.);
#2733 = EDGE_CURVE('',#2710,#2685,#2734,.T.);
#2734 = LINE('',#2735,#2736);
#2735 = CARTESIAN_POINT('',(33.73502955,-47.00789999999,-6.030008043057)
  );
#2736 = VECTOR('',#2737,1.);
#2737 = DIRECTION('',(-0.866025403784,-0.5,2.064765705527E-07));
#2738 = ORIENTED_EDGE('',*,*,#2684,.F.);
#2739 = ORIENTED_EDGE('',*,*,#1791,.F.);
#2740 = PLANE('',#2741);
#2741 = AXIS2_PLACEMENT_3D('',#2742,#2743,#2744);
#2742 = CARTESIAN_POINT('',(33.735028989717,-47.00789999999,
    -8.380008043057));
#2743 = DIRECTION('',(-0.5,0.866025403784,1.192092760518E-07));
#2744 = DIRECTION('',(0.866025403784,0.5,-2.064765705527E-07));
#2745 = ADVANCED_FACE('',(#2746,#2758),#2769,.T.);
#2746 = FACE_BOUND('',#2747,.F.);
#2747 = EDGE_LOOP('',(#2748,#2749,#2750,#2751,#2752,#2753,#2754,#2755,
    #2756,#2757));
#2748 = ORIENTED_EDGE('',*,*,#2155,.F.);
#2749 = ORIENTED_EDGE('',*,*,#2112,.F.);
#2750 = ORIENTED_EDGE('',*,*,#1908,.F.);
#2751 = ORIENTED_EDGE('',*,*,#1900,.T.);
#2752 = ORIENTED_EDGE('',*,*,#1892,.T.);
#2753 = ORIENTED_EDGE('',*,*,#1976,.T.);
#2754 = ORIENTED_EDGE('',*,*,#2018,.T.);
#2755 = ORIENTED_EDGE('',*,*,#2063,.T.);
#2756 = ORIENTED_EDGE('',*,*,#2079,.T.);
#2757 = ORIENTED_EDGE('',*,*,#2128,.T.);
#2758 = FACE_BOUND('',#2759,.F.);
#2759 = EDGE_LOOP('',(#2760));
#2760 = ORIENTED_EDGE('',*,*,#2761,.T.);
#2761 = EDGE_CURVE('',#2762,#2762,#2764,.T.);
#2762 = VERTEX_POINT('',#2763);
#2763 = CARTESIAN_POINT('',(45.449999940394,28.102,0.369989163875));
#2764 = CIRCLE('',#2765,2.4);
#2765 = AXIS2_PLACEMENT_3D('',#2766,#2767,#2768);
#2766 = CARTESIAN_POINT('',(45.449999368189,28.102,-2.030010836125));
#2767 = DIRECTION('',(-1.,0.,2.384185931888E-07));
#2768 = DIRECTION('',(2.384185931888E-07,0.,1.));
#2769 = PLANE('',#2770);
#2770 = AXIS2_PLACEMENT_3D('',#2771,#2772,#2773);
#2771 = CARTESIAN_POINT('',(45.449997854231,32.102,-8.380010836125));
#2772 = DIRECTION('',(-1.,0.,2.384185934109E-07));
#2773 = DIRECTION('',(-5.686283452849E-21,1.,-2.385E-14));
#2774 = ADVANCED_FACE('',(#2775),#2795,.T.);
#2775 = FACE_BOUND('',#2776,.F.);
#2776 = EDGE_LOOP('',(#2777,#2778,#2787,#2794));
#2777 = ORIENTED_EDGE('',*,*,#1931,.T.);
#2778 = ORIENTED_EDGE('',*,*,#2779,.T.);
#2779 = EDGE_CURVE('',#1932,#2780,#2782,.T.);
#2780 = VERTEX_POINT('',#2781);
#2781 = CARTESIAN_POINT('',(29.159998711941,31.252,-4.782513233733));
#2782 = CIRCLE('',#2783,0.5);
#2783 = AXIS2_PLACEMENT_3D('',#2784,#2785,#2786);
#2784 = CARTESIAN_POINT('',(29.10999859333,31.252,-5.280006940365));
#2785 = DIRECTION('',(8.988740657734E-14,1.,-2.397144821542E-14));
#2786 = DIRECTION('',(-1.,8.988741229258E-14,2.384185934109E-07));
#2787 = ORIENTED_EDGE('',*,*,#2788,.F.);
#2788 = EDGE_CURVE('',#2780,#2780,#2789,.T.);
#2789 = CIRCLE('',#2790,1.7);
#2790 = AXIS2_PLACEMENT_3D('',#2791,#2792,#2793);
#2791 = CARTESIAN_POINT('',(30.859998711941,31.252,-4.782513639044));
#2792 = DIRECTION('',(-2.384185934109E-07,-2.397142678459E-14,-1.));
#2793 = DIRECTION('',(5.715233856033E-21,-1.,2.397142678459E-14));
#2794 = ORIENTED_EDGE('',*,*,#2779,.F.);
#2795 = TOROIDAL_SURFACE('',#2796,1.75,0.5);
#2796 = AXIS2_PLACEMENT_3D('',#2797,#2798,#2799);
#2797 = CARTESIAN_POINT('',(30.859998593329,31.252,-5.280007357598));
#2798 = DIRECTION('',(2.384185934109E-07,2.397142678459E-14,1.));
#2799 = DIRECTION('',(-1.,8.988741229258E-14,2.384185934109E-07));
#2800 = ADVANCED_FACE('',(#2801),#2812,.F.);
#2801 = FACE_BOUND('',#2802,.T.);
#2802 = EDGE_LOOP('',(#2803,#2809,#2810,#2811));
#2803 = ORIENTED_EDGE('',*,*,#2804,.T.);
#2804 = EDGE_CURVE('',#2197,#2762,#2805,.T.);
#2805 = LINE('',#2806,#2807);
#2806 = CARTESIAN_POINT('',(50.799999940394,28.102,0.369987888335));
#2807 = VECTOR('',#2808,1.);
#2808 = DIRECTION('',(-1.,0.,2.384185931888E-07));
#2809 = ORIENTED_EDGE('',*,*,#2761,.T.);
#2810 = ORIENTED_EDGE('',*,*,#2804,.F.);
#2811 = ORIENTED_EDGE('',*,*,#2207,.F.);
#2812 = CYLINDRICAL_SURFACE('',#2813,2.4);
#2813 = AXIS2_PLACEMENT_3D('',#2814,#2815,#2816);
#2814 = CARTESIAN_POINT('',(50.799999368189,28.102,-2.030012111664));
#2815 = DIRECTION('',(1.,0.,-2.384185931888E-07));
#2816 = DIRECTION('',(2.384185931888E-07,0.,1.));
#2817 = ADVANCED_FACE('',(#2818),#2832,.T.);
#2818 = FACE_BOUND('',#2819,.T.);
#2819 = EDGE_LOOP('',(#2820,#2825,#2826,#2831));
#2820 = ORIENTED_EDGE('',*,*,#2821,.F.);
#2821 = EDGE_CURVE('',#2637,#2253,#2822,.T.);
#2822 = B_SPLINE_CURVE_WITH_KNOTS('',1,(#2823,#2824),.UNSPECIFIED.,.F.,
  .F.,(2,2),(0.,1.),.PIECEWISE_BEZIER_KNOTS.);
#2823 = CARTESIAN_POINT('',(27.98496727903,-45.34799999999,
    -6.030006672135));
#2824 = CARTESIAN_POINT('',(29.609998660087,-45.348,-5.000007059574));
#2825 = ORIENTED_EDGE('',*,*,#2644,.T.);
#2826 = ORIENTED_EDGE('',*,*,#2827,.T.);
#2827 = EDGE_CURVE('',#2598,#2386,#2828,.T.);
#2828 = B_SPLINE_CURVE_WITH_KNOTS('',1,(#2829,#2830),.UNSPECIFIED.,.F.,
  .F.,(2,2),(0.,1.),.PIECEWISE_BEZIER_KNOTS.);
#2829 = CARTESIAN_POINT('',(27.984967279031,-43.6881,-6.030006672135));
#2830 = CARTESIAN_POINT('',(29.777466905356,-44.723,-5.000007099502));
#2831 = ORIENTED_EDGE('',*,*,#2412,.T.);
#2832 = B_SPLINE_SURFACE_WITH_KNOTS('',5,1,(
    (#2833,#2834)
    ,(#2835,#2836)
    ,(#2837,#2838)
    ,(#2839,#2840)
    ,(#2841,#2842)
    ,(#2843,#2844
    )),.UNSPECIFIED.,.F.,.F.,.F.,(6,6),(2,2),(1.659899999996,
    3.319799999994),(0.,1.),.PIECEWISE_BEZIER_KNOTS.);
#2833 = CARTESIAN_POINT('',(27.98496727903,-45.34799999999,
    -6.030006672135));
#2834 = CARTESIAN_POINT('',(29.609998660087,-45.348,-5.000007059574));
#2835 = CARTESIAN_POINT('',(27.98496727903,-45.01602,-6.030006672135));
#2836 = CARTESIAN_POINT('',(29.609998660087,-45.2171003061,
    -5.000007059574));
#2837 = CARTESIAN_POINT('',(27.984967279031,-44.68404,-6.030006672135));
#2838 = CARTESIAN_POINT('',(29.627132600919,-45.08620042733,
    -5.000007063659));
#2839 = CARTESIAN_POINT('',(27.984967279031,-44.35206,-6.030006672135));
#2840 = CARTESIAN_POINT('',(29.661405547052,-44.95829205104,
    -5.000007071831));
#2841 = CARTESIAN_POINT('',(27.984967279031,-44.02008,-6.030006672135));
#2842 = CARTESIAN_POINT('',(29.712017058406,-44.83636246026,
    -5.000007083897));
#2843 = CARTESIAN_POINT('',(27.984967279031,-43.6881,-6.030006672135));
#2844 = CARTESIAN_POINT('',(29.777466905356,-44.723,-5.000007099502));
#2845 = ADVANCED_FACE('',(#2846),#2856,.T.);
#2846 = FACE_BOUND('',#2847,.T.);
#2847 = EDGE_LOOP('',(#2848,#2849,#2850,#2855));
#2848 = ORIENTED_EDGE('',*,*,#2827,.F.);
#2849 = ORIENTED_EDGE('',*,*,#2605,.T.);
#2850 = ORIENTED_EDGE('',*,*,#2851,.T.);
#2851 = EDGE_CURVE('',#2606,#2359,#2852,.T.);
#2852 = B_SPLINE_CURVE_WITH_KNOTS('',1,(#2853,#2854),.UNSPECIFIED.,.F.,
  .F.,(2,2),(0.,1.),.PIECEWISE_BEZIER_KNOTS.);
#2853 = CARTESIAN_POINT('',(30.859998414517,-42.0282,-6.030007357596));
#2854 = CARTESIAN_POINT('',(30.859998660087,-44.098,-5.000007357598));
#2855 = ORIENTED_EDGE('',*,*,#2385,.T.);
#2856 = B_SPLINE_SURFACE_WITH_KNOTS('',7,1,(
    (#2857,#2858)
    ,(#2859,#2860)
    ,(#2861,#2862)
    ,(#2863,#2864)
    ,(#2865,#2866)
    ,(#2867,#2868)
    ,(#2869,#2870)
    ,(#2871,#2872
    )),.UNSPECIFIED.,.F.,.F.,.F.,(8,8),(2,2),(0.,3.319800000003),(0.,1.)
  ,.PIECEWISE_BEZIER_KNOTS.);
#2857 = CARTESIAN_POINT('',(27.984967279031,-43.6881,-6.030006672135));
#2858 = CARTESIAN_POINT('',(29.777466905356,-44.723,-5.000007099502));
#2859 = CARTESIAN_POINT('',(28.395686012672,-43.45097142857,
    -6.030006770058));
#2860 = CARTESIAN_POINT('',(29.870966686712,-44.56105362819,
    -5.000007121794));
#2861 = CARTESIAN_POINT('',(28.806404746313,-43.21384285714,
    -6.030006867981));
#2862 = CARTESIAN_POINT('',(29.992731485843,-44.41542611531,
    -5.000007150825));
#2863 = CARTESIAN_POINT('',(29.217123479954,-42.97671428571,
    -6.030006965904));
#2864 = CARTESIAN_POINT('',(30.139343171157,-44.29203675788,
    -5.00000718578));
#2865 = CARTESIAN_POINT('',(29.627842213595,-42.73958571428,
    -6.030007063827));
#2866 = CARTESIAN_POINT('',(30.305835411414,-44.19591241815,
    -5.000007225475));
#2867 = CARTESIAN_POINT('',(30.038560947236,-42.50245714285,
    -6.03000716175));
#2868 = CARTESIAN_POINT('',(30.485999572164,-44.13063765289,
    -5.000007268429));
#2869 = CARTESIAN_POINT('',(30.449279680877,-42.26532857142,
    -6.030007259673));
#2870 = CARTESIAN_POINT('',(30.672999097374,-44.098,-5.000007313013));
#2871 = CARTESIAN_POINT('',(30.859998414517,-42.0282,-6.030007357596));
#2872 = CARTESIAN_POINT('',(30.859998660087,-44.098,-5.000007357598));
#2873 = ADVANCED_FACE('',(#2874),#2884,.T.);
#2874 = FACE_BOUND('',#2875,.T.);
#2875 = EDGE_LOOP('',(#2876,#2877,#2878,#2883));
#2876 = ORIENTED_EDGE('',*,*,#2851,.F.);
#2877 = ORIENTED_EDGE('',*,*,#2661,.T.);
#2878 = ORIENTED_EDGE('',*,*,#2879,.T.);
#2879 = EDGE_CURVE('',#2662,#2332,#2880,.T.);
#2880 = B_SPLINE_CURVE_WITH_KNOTS('',1,(#2881,#2882),.UNSPECIFIED.,.F.,
  .F.,(2,2),(0.,1.),.PIECEWISE_BEZIER_KNOTS.);
#2881 = CARTESIAN_POINT('',(33.735029549996,-43.68809999999,
    -6.030008043057));
#2882 = CARTESIAN_POINT('',(31.942530414816,-44.72299999999,
    -5.000007615693));
#2883 = ORIENTED_EDGE('',*,*,#2358,.T.);
#2884 = B_SPLINE_SURFACE_WITH_KNOTS('',7,1,(
    (#2885,#2886)
    ,(#2887,#2888)
    ,(#2889,#2890)
    ,(#2891,#2892)
    ,(#2893,#2894)
    ,(#2895,#2896)
    ,(#2897,#2898)
    ,(#2899,#2900
    )),.UNSPECIFIED.,.F.,.F.,.F.,(8,8),(2,2),(0.,3.319799999992),(0.,1.)
  ,.PIECEWISE_BEZIER_KNOTS.);
#2885 = CARTESIAN_POINT('',(30.859998414517,-42.0282,-6.030007357596));
#2886 = CARTESIAN_POINT('',(30.859998660087,-44.098,-5.000007357598));
#2887 = CARTESIAN_POINT('',(31.270717148157,-42.26532857142,
    -6.030007455519));
#2888 = CARTESIAN_POINT('',(31.046998222801,-44.098,-5.000007402182));
#2889 = CARTESIAN_POINT('',(31.681435881797,-42.50245714285,
    -6.030007553442));
#2890 = CARTESIAN_POINT('',(31.23399774801,-44.13063765289,
    -5.000007446766));
#2891 = CARTESIAN_POINT('',(32.092154615437,-42.73958571428,
    -6.030007651365));
#2892 = CARTESIAN_POINT('',(31.414161908758,-44.19591241814,
    -5.00000748972));
#2893 = CARTESIAN_POINT('',(32.502873349076,-42.97671428571,
    -6.030007749288));
#2894 = CARTESIAN_POINT('',(31.580654149016,-44.29203675788,
    -5.000007529415));
#2895 = CARTESIAN_POINT('',(32.913592082716,-43.21384285713,
    -6.030007847211));
#2896 = CARTESIAN_POINT('',(31.727265834329,-44.41542611531,
    -5.00000756437));
#2897 = CARTESIAN_POINT('',(33.324310816356,-43.45097142856,
    -6.030007945134));
#2898 = CARTESIAN_POINT('',(31.849030633459,-44.56105362819,
    -5.000007593401));
#2899 = CARTESIAN_POINT('',(33.735029549996,-43.68809999999,
    -6.030008043057));
#2900 = CARTESIAN_POINT('',(31.942530414816,-44.72299999999,
    -5.000007615693));
#2901 = ADVANCED_FACE('',(#2902),#2912,.T.);
#2902 = FACE_BOUND('',#2903,.T.);
#2903 = EDGE_LOOP('',(#2904,#2905,#2906,#2911));
#2904 = ORIENTED_EDGE('',*,*,#2879,.F.);
#2905 = ORIENTED_EDGE('',*,*,#2709,.T.);
#2906 = ORIENTED_EDGE('',*,*,#2907,.T.);
#2907 = EDGE_CURVE('',#2710,#2305,#2908,.T.);
#2908 = B_SPLINE_CURVE_WITH_KNOTS('',1,(#2909,#2910),.UNSPECIFIED.,.F.,
  .F.,(2,2),(0.,1.),.PIECEWISE_BEZIER_KNOTS.);
#2909 = CARTESIAN_POINT('',(33.73502955,-47.00789999999,-6.030008043057)
  );
#2910 = CARTESIAN_POINT('',(31.942530414818,-45.97299999999,
    -5.000007615693));
#2911 = ORIENTED_EDGE('',*,*,#2331,.T.);
#2912 = B_SPLINE_SURFACE_WITH_KNOTS('',7,1,(
    (#2913,#2914)
    ,(#2915,#2916)
    ,(#2917,#2918)
    ,(#2919,#2920)
    ,(#2921,#2922)
    ,(#2923,#2924)
    ,(#2925,#2926)
    ,(#2927,#2928
    )),.UNSPECIFIED.,.F.,.F.,.F.,(8,8),(2,2),(0.,3.319800000003),(0.,1.)
  ,.PIECEWISE_BEZIER_KNOTS.);
#2913 = CARTESIAN_POINT('',(33.735029549996,-43.68809999999,
    -6.030008043057));
#2914 = CARTESIAN_POINT('',(31.942530414816,-44.72299999999,
    -5.000007615693));
#2915 = CARTESIAN_POINT('',(33.735029549996,-44.16235714285,
    -6.030008043057));
#2916 = CARTESIAN_POINT('',(32.036030196173,-44.8849463718,
    -5.000007637985));
#2917 = CARTESIAN_POINT('',(33.735029549997,-44.6366142857,
    -6.030008043057));
#2918 = CARTESIAN_POINT('',(32.101264922253,-45.06321153757,
    -5.000007653539));
#2919 = CARTESIAN_POINT('',(33.735029549998,-45.11087142856,
    -6.030008043057));
#2920 = CARTESIAN_POINT('',(32.134817397689,-45.25187566026,
    -5.000007661538));
#2921 = CARTESIAN_POINT('',(33.735029549998,-45.58512857142,
    -6.030008043057));
#2922 = CARTESIAN_POINT('',(32.134817397689,-45.44412433972,
    -5.000007661538));
#2923 = CARTESIAN_POINT('',(33.735029549999,-46.05938571428,
    -6.030008043057));
#2924 = CARTESIAN_POINT('',(32.101264922254,-45.63278846241,
    -5.000007653539));
#2925 = CARTESIAN_POINT('',(33.73502955,-46.53364285714,-6.030008043057)
  );
#2926 = CARTESIAN_POINT('',(32.036030196174,-45.81105362819,
    -5.000007637985));
#2927 = CARTESIAN_POINT('',(33.73502955,-47.00789999999,-6.030008043057)
  );
#2928 = CARTESIAN_POINT('',(31.942530414818,-45.97299999999,
    -5.000007615693));
#2929 = ADVANCED_FACE('',(#2930),#2940,.T.);
#2930 = FACE_BOUND('',#2931,.T.);
#2931 = EDGE_LOOP('',(#2932,#2933,#2934,#2939));
#2932 = ORIENTED_EDGE('',*,*,#2907,.F.);
#2933 = ORIENTED_EDGE('',*,*,#2733,.T.);
#2934 = ORIENTED_EDGE('',*,*,#2935,.T.);
#2935 = EDGE_CURVE('',#2685,#2278,#2936,.T.);
#2936 = B_SPLINE_CURVE_WITH_KNOTS('',1,(#2937,#2938),.UNSPECIFIED.,.F.,
  .F.,(2,2),(0.,1.),.PIECEWISE_BEZIER_KNOTS.);
#2937 = CARTESIAN_POINT('',(30.859998414514,-48.6678,-6.030007357596));
#2938 = CARTESIAN_POINT('',(30.859998660086,-46.598,-5.000007357598));
#2939 = ORIENTED_EDGE('',*,*,#2304,.T.);
#2940 = B_SPLINE_SURFACE_WITH_KNOTS('',7,1,(
    (#2941,#2942)
    ,(#2943,#2944)
    ,(#2945,#2946)
    ,(#2947,#2948)
    ,(#2949,#2950)
    ,(#2951,#2952)
    ,(#2953,#2954)
    ,(#2955,#2956
    )),.UNSPECIFIED.,.F.,.F.,.F.,(8,8),(2,2),(0.,3.319800000003),(0.,1.)
  ,.PIECEWISE_BEZIER_KNOTS.);
#2941 = CARTESIAN_POINT('',(33.73502955,-47.00789999999,-6.030008043057)
  );
#2942 = CARTESIAN_POINT('',(31.942530414818,-45.97299999999,
    -5.000007615693));
#2943 = CARTESIAN_POINT('',(33.32431081636,-47.24502857142,
    -6.030007945134));
#2944 = CARTESIAN_POINT('',(31.849030633461,-46.1349463718,
    -5.000007593401));
#2945 = CARTESIAN_POINT('',(32.913592082719,-47.48215714285,
    -6.030007847211));
#2946 = CARTESIAN_POINT('',(31.727265834331,-46.28057388468,
    -5.00000756437));
#2947 = CARTESIAN_POINT('',(32.502873349078,-47.71928571428,
    -6.030007749288));
#2948 = CARTESIAN_POINT('',(31.580654149016,-46.40396324212,
    -5.000007529415));
#2949 = CARTESIAN_POINT('',(32.092154615437,-47.95641428571,
    -6.030007651365));
#2950 = CARTESIAN_POINT('',(31.414161908759,-46.50008758184,
    -5.00000748972));
#2951 = CARTESIAN_POINT('',(31.681435881796,-48.19354285714,
    -6.030007553442));
#2952 = CARTESIAN_POINT('',(31.23399774801,-46.5653623471,
    -5.000007446766));
#2953 = CARTESIAN_POINT('',(31.270717148155,-48.43067142857,
    -6.030007455519));
#2954 = CARTESIAN_POINT('',(31.0469982228,-46.598,-5.000007402182));
#2955 = CARTESIAN_POINT('',(30.859998414514,-48.6678,-6.030007357596));
#2956 = CARTESIAN_POINT('',(30.859998660086,-46.598,-5.000007357598));
#2957 = ADVANCED_FACE('',(#2958),#2968,.T.);
#2958 = FACE_BOUND('',#2959,.T.);
#2959 = EDGE_LOOP('',(#2960,#2961,#2962,#2967));
#2960 = ORIENTED_EDGE('',*,*,#2935,.F.);
#2961 = ORIENTED_EDGE('',*,*,#2692,.T.);
#2962 = ORIENTED_EDGE('',*,*,#2963,.T.);
#2963 = EDGE_CURVE('',#2629,#2261,#2964,.T.);
#2964 = B_SPLINE_CURVE_WITH_KNOTS('',1,(#2965,#2966),.UNSPECIFIED.,.F.,
  .F.,(2,2),(0.,1.),.PIECEWISE_BEZIER_KNOTS.);
#2965 = CARTESIAN_POINT('',(27.984967279029,-47.00789999999,
    -6.030006672135));
#2966 = CARTESIAN_POINT('',(29.777466905355,-45.97299999999,
    -5.000007099502));
#2967 = ORIENTED_EDGE('',*,*,#2277,.T.);
#2968 = B_SPLINE_SURFACE_WITH_KNOTS('',7,1,(
    (#2969,#2970)
    ,(#2971,#2972)
    ,(#2973,#2974)
    ,(#2975,#2976)
    ,(#2977,#2978)
    ,(#2979,#2980)
    ,(#2981,#2982)
    ,(#2983,#2984
    )),.UNSPECIFIED.,.F.,.F.,.F.,(8,8),(2,2),(0.,3.319800000003),(0.,1.)
  ,.PIECEWISE_BEZIER_KNOTS.);
#2969 = CARTESIAN_POINT('',(30.859998414514,-48.6678,-6.030007357596));
#2970 = CARTESIAN_POINT('',(30.859998660086,-46.598,-5.000007357598));
#2971 = CARTESIAN_POINT('',(30.449279680874,-48.43067142857,
    -6.030007259673));
#2972 = CARTESIAN_POINT('',(30.672999097372,-46.598,-5.000007313013));
#2973 = CARTESIAN_POINT('',(30.038560947233,-48.19354285714,
    -6.03000716175));
#2974 = CARTESIAN_POINT('',(30.485999572163,-46.5653623471,
    -5.000007268429));
#2975 = CARTESIAN_POINT('',(29.627842213592,-47.95641428571,
    -6.030007063827));
#2976 = CARTESIAN_POINT('',(30.305835411413,-46.50008758184,
    -5.000007225475));
#2977 = CARTESIAN_POINT('',(29.217123479952,-47.71928571428,
    -6.030006965904));
#2978 = CARTESIAN_POINT('',(30.139343171156,-46.40396324211,
    -5.00000718578));
#2979 = CARTESIAN_POINT('',(28.806404746311,-47.48215714285,
    -6.030006867981));
#2980 = CARTESIAN_POINT('',(29.992731485842,-46.28057388468,
    -5.000007150825));
#2981 = CARTESIAN_POINT('',(28.39568601267,-47.24502857142,
    -6.030006770058));
#2982 = CARTESIAN_POINT('',(29.870966686712,-46.1349463718,
    -5.000007121794));
#2983 = CARTESIAN_POINT('',(27.984967279029,-47.00789999999,
    -6.030006672135));
#2984 = CARTESIAN_POINT('',(29.777466905355,-45.97299999999,
    -5.000007099502));
#2985 = ADVANCED_FACE('',(#2986),#2992,.T.);
#2986 = FACE_BOUND('',#2987,.T.);
#2987 = EDGE_LOOP('',(#2988,#2989,#2990,#2991));
#2988 = ORIENTED_EDGE('',*,*,#2963,.F.);
#2989 = ORIENTED_EDGE('',*,*,#2636,.T.);
#2990 = ORIENTED_EDGE('',*,*,#2821,.T.);
#2991 = ORIENTED_EDGE('',*,*,#2260,.T.);
#2992 = B_SPLINE_SURFACE_WITH_KNOTS('',5,1,(
    (#2993,#2994)
    ,(#2995,#2996)
    ,(#2997,#2998)
    ,(#2999,#3000)
    ,(#3001,#3002)
    ,(#3003,#3004
    )),.UNSPECIFIED.,.F.,.F.,.F.,(6,6),(2,2),(0.,1.659899999996),(0.,1.)
  ,.PIECEWISE_BEZIER_KNOTS.);
#2993 = CARTESIAN_POINT('',(27.984967279029,-47.00789999999,
    -6.030006672135));
#2994 = CARTESIAN_POINT('',(29.777466905355,-45.97299999999,
    -5.000007099502));
#2995 = CARTESIAN_POINT('',(27.98496727903,-46.67591999999,
    -6.030006672135));
#2996 = CARTESIAN_POINT('',(29.712017058406,-45.85963753973,
    -5.000007083897));
#2997 = CARTESIAN_POINT('',(27.98496727903,-46.34393999999,
    -6.030006672135));
#2998 = CARTESIAN_POINT('',(29.661405547052,-45.73770794895,
    -5.000007071831));
#2999 = CARTESIAN_POINT('',(27.98496727903,-46.01195999999,
    -6.030006672135));
#3000 = CARTESIAN_POINT('',(29.627132600919,-45.60979957266,
    -5.000007063659));
#3001 = CARTESIAN_POINT('',(27.98496727903,-45.67997999999,
    -6.030006672135));
#3002 = CARTESIAN_POINT('',(29.609998660087,-45.47889969389,
    -5.000007059574));
#3003 = CARTESIAN_POINT('',(27.98496727903,-45.34799999999,
    -6.030006672135));
#3004 = CARTESIAN_POINT('',(29.609998660087,-45.348,-5.000007059574));
#3005 = ADVANCED_FACE('',(#3006),#3048,.T.);
#3006 = FACE_BOUND('',#3007,.T.);
#3007 = EDGE_LOOP('',(#3008,#3015,#3016,#3023));
#3008 = ORIENTED_EDGE('',*,*,#3009,.F.);
#3009 = EDGE_CURVE('',#2437,#3010,#3012,.T.);
#3010 = VERTEX_POINT('',#3011);
#3011 = CARTESIAN_POINT('',(31.709998606696,29.779756813566,
    -5.223942239933));
#3012 = B_SPLINE_CURVE_WITH_KNOTS('',1,(#3013,#3014),.UNSPECIFIED.,.F.,
  .F.,(2,2),(0.,1.),.PIECEWISE_BEZIER_KNOTS.);
#3013 = CARTESIAN_POINT('',(32.519898414515,28.376968864516,
    -6.030007753349));
#3014 = CARTESIAN_POINT('',(31.484998660087,30.169468245269,
    -5.000007506609));
#3015 = ORIENTED_EDGE('',*,*,#2444,.T.);
#3016 = ORIENTED_EDGE('',*,*,#3017,.T.);
#3017 = EDGE_CURVE('',#2445,#3018,#3020,.T.);
#3018 = VERTEX_POINT('',#3019);
#3019 = CARTESIAN_POINT('',(30.009998606696,29.779756813566,
    -5.223941834621));
#3020 = B_SPLINE_CURVE_WITH_KNOTS('',1,(#3021,#3022),.UNSPECIFIED.,.F.,
  .F.,(2,2),(0.,1.),.PIECEWISE_BEZIER_KNOTS.);
#3021 = CARTESIAN_POINT('',(29.200098414516,28.376968864516,
    -6.030006961847));
#3022 = CARTESIAN_POINT('',(30.234998660087,30.169468245269,
    -5.000007208586));
#3023 = ORIENTED_EDGE('',*,*,#3024,.T.);
#3024 = EDGE_CURVE('',#3018,#3010,#3025,.T.);
#3025 = B_SPLINE_CURVE_WITH_KNOTS('',6,(#3026,#3027,#3028,#3029,#3030,
    #3031,#3032,#3033,#3034,#3035,#3036,#3037,#3038,#3039,#3040,#3041,
    #3042,#3043,#3044,#3045,#3046,#3047),.UNSPECIFIED.,.F.,.F.,(7,5,5,5,
    7),(0.,0.247937798345,0.500000694773,0.751697150217,1.),
  .UNSPECIFIED.);
#3026 = CARTESIAN_POINT('',(30.009998606696,29.779756813566,
    -5.223941834621));
#3027 = CARTESIAN_POINT('',(30.070148108065,29.745029481719,
    -5.23150375627));
#3028 = CARTESIAN_POINT('',(30.132754588311,29.712815570724,
    -5.239088160159));
#3029 = CARTESIAN_POINT('',(30.197756434281,29.683335308008,
    -5.246547095768));
#3030 = CARTESIAN_POINT('',(30.265052374677,29.656834286789,
    -5.253686473151));
#3031 = CARTESIAN_POINT('',(30.334454664734,29.63358590123,
    -5.26026579537));
#3032 = CARTESIAN_POINT('',(30.478055557224,29.593758958473,
    -5.27195386391));
#3033 = CARTESIAN_POINT('',(30.552317631423,29.577297176317,
    -5.277036354744));
#3034 = CARTESIAN_POINT('',(30.62812611764,29.564712228765,
    -5.281074656883));
#3035 = CARTESIAN_POINT('',(30.705045038169,29.556236818561,
    -5.283847113188));
#3036 = CARTESIAN_POINT('',(30.782523829118,29.551999941665,
    -5.285232663659));
#3037 = CARTESIAN_POINT('',(30.937363282883,29.552000058251,
    -5.285232662446));
#3038 = CARTESIAN_POINT('',(31.014729415973,29.556224742799,
    -5.283851135036));
#3039 = CARTESIAN_POINT('',(31.091538116339,29.564675635029,
    -5.281086741451));
#3040 = CARTESIAN_POINT('',(31.167241205031,29.577224507159,
    -5.277059819947));
#3041 = CARTESIAN_POINT('',(31.241404251464,29.593639946859,
    -5.271990795929));
#3042 = CARTESIAN_POINT('',(31.385031544914,29.633414816802,
    -5.260314470757));
#3043 = CARTESIAN_POINT('',(31.454548442461,29.656678243644,
    -5.25372880076));
#3044 = CARTESIAN_POINT('',(31.521953626862,29.683205104592,
    -5.246580358657));
#3045 = CARTESIAN_POINT('',(31.587058248899,29.712720712839,
    -5.23911084129));
#3046 = CARTESIAN_POINT('',(31.649760539225,29.744978350139,
    -5.231515266826));
#3047 = CARTESIAN_POINT('',(31.709998606696,29.779756813566,
    -5.223942239933));
#3048 = B_SPLINE_SURFACE_WITH_KNOTS('',7,1,(
    (#3049,#3050)
    ,(#3051,#3052)
    ,(#3053,#3054)
    ,(#3055,#3056)
    ,(#3057,#3058)
    ,(#3059,#3060)
    ,(#3061,#3062)
    ,(#3063,#3064
    )),.UNSPECIFIED.,.F.,.F.,.F.,(8,8),(2,2),(0.,3.3198),(0.,1.),
  .PIECEWISE_BEZIER_KNOTS.);
#3049 = CARTESIAN_POINT('',(32.519898414515,28.376968864516,
    -6.030007753349));
#3050 = CARTESIAN_POINT('',(31.484998660087,30.169468245269,
    -5.000007506609));
#3051 = CARTESIAN_POINT('',(32.045641271658,28.376968864516,
    -6.030007640277));
#3052 = CARTESIAN_POINT('',(31.32305228828,30.075968463913,
    -5.000007467998));
#3053 = CARTESIAN_POINT('',(31.571384128801,28.376968864516,
    -6.030007527205));
#3054 = CARTESIAN_POINT('',(31.144787122506,30.010733737833,
    -5.000007425496));
#3055 = CARTESIAN_POINT('',(31.097126985944,28.376968864516,
    -6.030007414133));
#3056 = CARTESIAN_POINT('',(30.956122999817,29.977181262398,
    -5.000007380516));
#3057 = CARTESIAN_POINT('',(30.622869843087,28.376968864516,
    -6.030007301062));
#3058 = CARTESIAN_POINT('',(30.763874320356,29.977181262398,
    -5.00000733468));
#3059 = CARTESIAN_POINT('',(30.14861270023,28.376968864516,
    -6.03000718799));
#3060 = CARTESIAN_POINT('',(30.575210197667,30.010733737833,
    -5.000007289699));
#3061 = CARTESIAN_POINT('',(29.674355557373,28.376968864516,
    -6.030007074918));
#3062 = CARTESIAN_POINT('',(30.396945031893,30.075968463913,
    -5.000007247197));
#3063 = CARTESIAN_POINT('',(29.200098414516,28.376968864516,
    -6.030006961847));
#3064 = CARTESIAN_POINT('',(30.234998660087,30.169468245269,
    -5.000007208586));
#3065 = ADVANCED_FACE('',(#3066),#3102,.T.);
#3066 = FACE_BOUND('',#3067,.T.);
#3067 = EDGE_LOOP('',(#3068,#3075,#3076,#3077));
#3068 = ORIENTED_EDGE('',*,*,#3069,.F.);
#3069 = EDGE_CURVE('',#2468,#3070,#3072,.T.);
#3070 = VERTEX_POINT('',#3071);
#3071 = CARTESIAN_POINT('',(32.559998606696,31.252,-5.223942442588));
#3072 = B_SPLINE_CURVE_WITH_KNOTS('',1,(#3073,#3074),.UNSPECIFIED.,.F.,
  .F.,(2,2),(0.,1.),.PIECEWISE_BEZIER_KNOTS.);
#3073 = CARTESIAN_POINT('',(34.179798414515,31.252,-6.0300081491));
#3074 = CARTESIAN_POINT('',(32.109998660087,31.252,-5.000007655621));
#3075 = ORIENTED_EDGE('',*,*,#2475,.T.);
#3076 = ORIENTED_EDGE('',*,*,#3009,.T.);
#3077 = ORIENTED_EDGE('',*,*,#3078,.T.);
#3078 = EDGE_CURVE('',#3010,#3070,#3079,.T.);
#3079 = B_SPLINE_CURVE_WITH_KNOTS('',6,(#3080,#3081,#3082,#3083,#3084,
    #3085,#3086,#3087,#3088,#3089,#3090,#3091,#3092,#3093,#3094,#3095,
    #3096,#3097,#3098,#3099,#3100,#3101),.UNSPECIFIED.,.F.,.F.,(7,5,5,5,
    7),(0.,0.247937798344,0.500000694773,0.751697150225,1.),
  .UNSPECIFIED.);
#3080 = CARTESIAN_POINT('',(31.709998606696,29.779756813566,
    -5.223942239933));
#3081 = CARTESIAN_POINT('',(31.770148108065,29.814484145414,
    -5.231504161581));
#3082 = CARTESIAN_POINT('',(31.829349412561,29.852595993817,
    -5.239088564659));
#3083 = CARTESIAN_POINT('',(31.887380991079,29.894149113902,
    -5.246547498606));
#3084 = CARTESIAN_POINT('',(31.943979518027,29.939178598721,
    -5.253686873439));
#3085 = CARTESIAN_POINT('',(31.998814354762,29.987658553571,
    -5.260266192184));
#3086 = CARTESIAN_POINT('',(32.105105943797,30.092107105508,
    -5.271954251829));
#3087 = CARTESIAN_POINT('',(32.156493301829,30.148189058273,
    -5.277036737209));
#3088 = CARTESIAN_POINT('',(32.205296428742,30.207548660218,
    -5.281075032909));
#3089 = CARTESIAN_POINT('',(32.251095809219,30.269924694898,
    -5.283847481795));
#3090 = CARTESIAN_POINT('',(32.293504447554,30.334904857952,
    -5.285233023905));
#3091 = CARTESIAN_POINT('',(32.370924073471,30.468999816716,
    -5.285233004234));
#3092 = CARTESIAN_POINT('',(32.405948456041,30.538113195356,
    -5.283851466729));
#3093 = CARTESIAN_POINT('',(32.437034119198,30.608856926652,
    -5.281087062242));
#3094 = CARTESIAN_POINT('',(32.464018021971,30.680692159839,
    -5.277060129122));
#3095 = CARTESIAN_POINT('',(32.486883357997,30.753126960878,
    -5.271991092874));
#3096 = CARTESIAN_POINT('',(32.52425095831,30.897399278243,
    -5.260314742367));
#3097 = CARTESIAN_POINT('',(32.538862689244,30.96923438957,
    -5.25372905928));
#3098 = CARTESIAN_POINT('',(32.549592346832,31.040872420604,
    -5.246580603664));
#3099 = CARTESIAN_POINT('',(32.556583392191,31.11201247977,
    -5.239111072442));
#3100 = CARTESIAN_POINT('',(32.559998604891,31.182443073147,
    -5.231515483843));
#3101 = CARTESIAN_POINT('',(32.559998606696,31.252,-5.223942442588));
#3102 = B_SPLINE_SURFACE_WITH_KNOTS('',7,1,(
    (#3103,#3104)
    ,(#3105,#3106)
    ,(#3107,#3108)
    ,(#3109,#3110)
    ,(#3111,#3112)
    ,(#3113,#3114)
    ,(#3115,#3116)
    ,(#3117,#3118
    )),.UNSPECIFIED.,.F.,.F.,.F.,(8,8),(2,2),(0.,3.3198),(0.,1.),
  .PIECEWISE_BEZIER_KNOTS.);
#3103 = CARTESIAN_POINT('',(34.179798414515,31.252,-6.0300081491));
#3104 = CARTESIAN_POINT('',(32.109998660087,31.252,-5.000007655621));
#3105 = CARTESIAN_POINT('',(33.942669843087,30.84128126636,
    -6.030008092564));
#3106 = CARTESIAN_POINT('',(32.109998660086,31.065000437286,
    -5.000007655621));
#3107 = CARTESIAN_POINT('',(33.705541271658,30.430562532719,
    -6.030008036028));
#3108 = CARTESIAN_POINT('',(32.077361007194,30.878000912077,
    -5.00000764784));
#3109 = CARTESIAN_POINT('',(33.46841270023,30.019843799079,
    -6.030007979492));
#3110 = CARTESIAN_POINT('',(32.012086241934,30.697836751327,
    -5.000007632277));
#3111 = CARTESIAN_POINT('',(33.231284128801,29.609125065438,
    -6.030007922956));
#3112 = CARTESIAN_POINT('',(31.915961902206,30.531344511071,
    -5.000007609359));
#3113 = CARTESIAN_POINT('',(32.994155557373,29.198406331797,
    -6.03000786642));
#3114 = CARTESIAN_POINT('',(31.792572544773,30.384732825756,
    -5.000007579941));
#3115 = CARTESIAN_POINT('',(32.757026985944,28.787687598157,
    -6.030007809884));
#3116 = CARTESIAN_POINT('',(31.646945031893,30.262968026626,
    -5.00000754522));
#3117 = CARTESIAN_POINT('',(32.519898414515,28.376968864516,
    -6.030007753349));
#3118 = CARTESIAN_POINT('',(31.484998660087,30.169468245269,
    -5.000007506609));
#3119 = ADVANCED_FACE('',(#3120),#3156,.T.);
#3120 = FACE_BOUND('',#3121,.T.);
#3121 = EDGE_LOOP('',(#3122,#3123,#3124,#3131));
#3122 = ORIENTED_EDGE('',*,*,#3017,.F.);
#3123 = ORIENTED_EDGE('',*,*,#2492,.T.);
#3124 = ORIENTED_EDGE('',*,*,#3125,.T.);
#3125 = EDGE_CURVE('',#2493,#3126,#3128,.T.);
#3126 = VERTEX_POINT('',#3127);
#3127 = CARTESIAN_POINT('',(29.159998606697,31.252,-5.223941631965));
#3128 = B_SPLINE_CURVE_WITH_KNOTS('',1,(#3129,#3130),.UNSPECIFIED.,.F.,
  .F.,(2,2),(0.,1.),.PIECEWISE_BEZIER_KNOTS.);
#3129 = CARTESIAN_POINT('',(27.540198414516,31.252,-6.030006566096));
#3130 = CARTESIAN_POINT('',(29.609998660087,31.252,-5.000007059574));
#3131 = ORIENTED_EDGE('',*,*,#3132,.T.);
#3132 = EDGE_CURVE('',#3126,#3018,#3133,.T.);
#3133 = B_SPLINE_CURVE_WITH_KNOTS('',6,(#3134,#3135,#3136,#3137,#3138,
    #3139,#3140,#3141,#3142,#3143,#3144,#3145,#3146,#3147,#3148,#3149,
    #3150,#3151,#3152,#3153,#3154,#3155),.UNSPECIFIED.,.F.,.F.,(7,5,5,5,
    7),(0.,0.247937798344,0.500000694773,0.751697150225,1.),
  .UNSPECIFIED.);
#3134 = CARTESIAN_POINT('',(29.159998606697,31.252,-5.223941631965));
#3135 = CARTESIAN_POINT('',(29.159998604894,31.182545336305,
    -5.231503539273));
#3136 = CARTESIAN_POINT('',(29.163403778836,31.112219576906,
    -5.239087929048));
#3137 = CARTESIAN_POINT('',(29.170374044509,31.041186194106,
    -5.246546850821));
#3138 = CARTESIAN_POINT('',(29.181071456254,30.969655688067,
    -5.25368621471));
#3139 = CARTESIAN_POINT('',(29.195638908008,30.89792734766,
    -5.260265523855));
#3140 = CARTESIAN_POINT('',(29.232948208677,30.753651852965,
    -5.271953567053));
#3141 = CARTESIAN_POINT('',(29.255822923631,30.681108118044,
    -5.277036045635));
#3142 = CARTESIAN_POINT('',(29.282828281973,30.609163568547,
    -5.281074336139));
#3143 = CARTESIAN_POINT('',(29.313947821363,30.538312123664,
    -5.283846781524));
#3144 = CARTESIAN_POINT('',(29.349017973648,30.469095083713,
    -5.285232321884));
#3145 = CARTESIAN_POINT('',(29.426437801498,30.335000241535,
    -5.285232302213));
#3146 = CARTESIAN_POINT('',(29.468779552351,30.270111547443,
    -5.283850766453));
#3147 = CARTESIAN_POINT('',(29.514502590222,30.207818708379,
    -5.281086365456));
#3148 = CARTESIAN_POINT('',(29.563221777102,30.148532347321,
    -5.277059437519));
#3149 = CARTESIAN_POINT('',(29.61451948872,30.092512985983,
    -5.271990408049));
#3150 = CARTESIAN_POINT('',(29.720779184641,29.988015538563,
    -5.260314073968));
#3151 = CARTESIAN_POINT('',(29.775684352821,29.939443854077,
    -5.253728400487));
#3152 = CARTESIAN_POINT('',(29.832359881336,29.894332683992,
    -5.246579955826));
#3153 = CARTESIAN_POINT('',(29.890473459793,29.852708233071,
    -5.239110436792));
#3154 = CARTESIAN_POINT('',(29.949760539227,29.814535276993,
    -5.231514861514));
#3155 = CARTESIAN_POINT('',(30.009998606696,29.779756813566,
    -5.223941834621));
#3156 = B_SPLINE_SURFACE_WITH_KNOTS('',7,1,(
    (#3157,#3158)
    ,(#3159,#3160)
    ,(#3161,#3162)
    ,(#3163,#3164)
    ,(#3165,#3166)
    ,(#3167,#3168)
    ,(#3169,#3170)
    ,(#3171,#3172
    )),.UNSPECIFIED.,.F.,.F.,.F.,(8,8),(2,2),(0.,3.3198),(0.,1.),
  .PIECEWISE_BEZIER_KNOTS.);
#3157 = CARTESIAN_POINT('',(29.200098414516,28.376968864516,
    -6.030006961847));
#3158 = CARTESIAN_POINT('',(30.234998660087,30.169468245269,
    -5.000007208586));
#3159 = CARTESIAN_POINT('',(28.962969843087,28.787687598157,
    -6.030006905311));
#3160 = CARTESIAN_POINT('',(30.07305228828,30.262968026626,
    -5.000007169975));
#3161 = CARTESIAN_POINT('',(28.725841271658,29.198406331797,
    -6.030006848775));
#3162 = CARTESIAN_POINT('',(29.9274247754,30.384732825757,
    -5.000007135255));
#3163 = CARTESIAN_POINT('',(28.48871270023,29.609125065438,
    -6.030006792239));
#3164 = CARTESIAN_POINT('',(29.804035417968,30.53134451107,
    -5.000007105836));
#3165 = CARTESIAN_POINT('',(28.251584128801,30.019843799079,
    -6.030006735703));
#3166 = CARTESIAN_POINT('',(29.707911078238,30.697836751327,
    -5.000007082919));
#3167 = CARTESIAN_POINT('',(28.014455557373,30.430562532719,
    -6.030006679167));
#3168 = CARTESIAN_POINT('',(29.64263631298,30.878000912077,
    -5.000007067356));
#3169 = CARTESIAN_POINT('',(27.777326985944,30.84128126636,
    -6.030006622631));
#3170 = CARTESIAN_POINT('',(29.609998660087,31.065000437286,
    -5.000007059574));
#3171 = CARTESIAN_POINT('',(27.540198414516,31.252,-6.030006566096));
#3172 = CARTESIAN_POINT('',(29.609998660087,31.252,-5.000007059574));
#3173 = ADVANCED_FACE('',(#3174),#3210,.T.);
#3174 = FACE_BOUND('',#3175,.T.);
#3175 = EDGE_LOOP('',(#3176,#3183,#3184,#3185));
#3176 = ORIENTED_EDGE('',*,*,#3177,.F.);
#3177 = EDGE_CURVE('',#2516,#3178,#3180,.T.);
#3178 = VERTEX_POINT('',#3179);
#3179 = CARTESIAN_POINT('',(31.709998606696,32.724243186434,
    -5.223942239933));
#3180 = B_SPLINE_CURVE_WITH_KNOTS('',1,(#3181,#3182),.UNSPECIFIED.,.F.,
  .F.,(2,2),(0.,1.),.PIECEWISE_BEZIER_KNOTS.);
#3181 = CARTESIAN_POINT('',(32.519898414515,34.127031135484,
    -6.030007753349));
#3182 = CARTESIAN_POINT('',(31.484998660087,32.334531754731,
    -5.000007506609));
#3183 = ORIENTED_EDGE('',*,*,#2523,.T.);
#3184 = ORIENTED_EDGE('',*,*,#3069,.T.);
#3185 = ORIENTED_EDGE('',*,*,#3186,.T.);
#3186 = EDGE_CURVE('',#3070,#3178,#3187,.T.);
#3187 = B_SPLINE_CURVE_WITH_KNOTS('',6,(#3188,#3189,#3190,#3191,#3192,
    #3193,#3194,#3195,#3196,#3197,#3198,#3199,#3200,#3201,#3202,#3203,
    #3204,#3205,#3206,#3207,#3208,#3209),.UNSPECIFIED.,.F.,.F.,(7,5,5,5,
    7),(0.,0.247937798344,0.500000694773,0.751697150223,1.),
  .UNSPECIFIED.);
#3188 = CARTESIAN_POINT('',(32.559998606696,31.252,-5.223942442588));
#3189 = CARTESIAN_POINT('',(32.559998604894,31.321454663695,
    -5.231504349897));
#3190 = CARTESIAN_POINT('',(32.556593427335,31.391780423094,
    -5.239088738048));
#3191 = CARTESIAN_POINT('',(32.549623158105,31.462813805894,
    -5.246547656497));
#3192 = CARTESIAN_POINT('',(32.538925742955,31.534344311933,
    -5.253687015285));
#3193 = CARTESIAN_POINT('',(32.524358288065,31.60607265234,
    -5.260266317484));
#3194 = CARTESIAN_POINT('',(32.487048981822,31.750348147035,
    -5.271954342891));
#3195 = CARTESIAN_POINT('',(32.464174264444,31.822891881956,
    -5.277036810566));
#3196 = CARTESIAN_POINT('',(32.437168904177,31.894836431453,
    -5.281075088192));
#3197 = CARTESIAN_POINT('',(32.406049363465,31.965687876336,
    -5.283847518739));
#3198 = CARTESIAN_POINT('',(32.37097921052,32.034904916287,
    -5.285233042376));
#3199 = CARTESIAN_POINT('',(32.293559382669,32.168999758465,
    -5.285232985789));
#3200 = CARTESIAN_POINT('',(32.251217632476,32.233888452556,
    -5.283851429838));
#3201 = CARTESIAN_POINT('',(32.205494595923,32.29618129162,
    -5.281087007039));
#3202 = CARTESIAN_POINT('',(32.156775410964,32.355467652677,
    -5.27706005587));
#3203 = CARTESIAN_POINT('',(32.105477701763,32.411487014015,
    -5.27199100194));
#3204 = CARTESIAN_POINT('',(31.99921801141,32.515984461435,
    -5.26031461719));
#3205 = CARTESIAN_POINT('',(31.94431284637,32.564556145922,
    -5.253728917528));
#3206 = CARTESIAN_POINT('',(31.887637321263,32.609667316008,
    -5.246580445842));
#3207 = CARTESIAN_POINT('',(31.829523746368,32.651291766929,
    -5.239110899098));
#3208 = CARTESIAN_POINT('',(31.770236670555,32.689464723007,
    -5.231515295549));
#3209 = CARTESIAN_POINT('',(31.709998606696,32.724243186434,
    -5.223942239933));
#3210 = B_SPLINE_SURFACE_WITH_KNOTS('',7,1,(
    (#3211,#3212)
    ,(#3213,#3214)
    ,(#3215,#3216)
    ,(#3217,#3218)
    ,(#3219,#3220)
    ,(#3221,#3222)
    ,(#3223,#3224)
    ,(#3225,#3226
    )),.UNSPECIFIED.,.F.,.F.,.F.,(8,8),(2,2),(0.,3.3198),(0.,1.),
  .PIECEWISE_BEZIER_KNOTS.);
#3211 = CARTESIAN_POINT('',(32.519898414515,34.127031135484,
    -6.030007753349));
#3212 = CARTESIAN_POINT('',(31.484998660087,32.334531754731,
    -5.000007506609));
#3213 = CARTESIAN_POINT('',(32.757026985944,33.716312401843,
    -6.030007809885));
#3214 = CARTESIAN_POINT('',(31.646945031894,32.241031973374,
    -5.00000754522));
#3215 = CARTESIAN_POINT('',(32.994155557373,33.305593668203,
    -6.03000786642));
#3216 = CARTESIAN_POINT('',(31.792572544773,32.119267174243,
    -5.00000757994));
#3217 = CARTESIAN_POINT('',(33.231284128801,32.894874934562,
    -6.030007922956));
#3218 = CARTESIAN_POINT('',(31.915961902207,31.972655488931,
    -5.000007609359));
#3219 = CARTESIAN_POINT('',(33.46841270023,32.484156200922,
    -6.030007979492));
#3220 = CARTESIAN_POINT('',(32.012086241934,31.806163248672,
    -5.000007632276));
#3221 = CARTESIAN_POINT('',(33.705541271658,32.073437467281,
    -6.030008036028));
#3222 = CARTESIAN_POINT('',(32.077361007194,31.625999087924,
    -5.00000764784));
#3223 = CARTESIAN_POINT('',(33.942669843087,31.662718733641,
    -6.030008092564));
#3224 = CARTESIAN_POINT('',(32.109998660086,31.438999562714,
    -5.000007655621));
#3225 = CARTESIAN_POINT('',(34.179798414515,31.252,-6.0300081491));
#3226 = CARTESIAN_POINT('',(32.109998660087,31.252,-5.000007655621));
#3227 = ADVANCED_FACE('',(#3228),#3264,.T.);
#3228 = FACE_BOUND('',#3229,.T.);
#3229 = EDGE_LOOP('',(#3230,#3231,#3232,#3239));
#3230 = ORIENTED_EDGE('',*,*,#3125,.F.);
#3231 = ORIENTED_EDGE('',*,*,#2540,.T.);
#3232 = ORIENTED_EDGE('',*,*,#3233,.T.);
#3233 = EDGE_CURVE('',#2541,#3234,#3236,.T.);
#3234 = VERTEX_POINT('',#3235);
#3235 = CARTESIAN_POINT('',(30.009998606696,32.724243186434,
    -5.223941834621));
#3236 = B_SPLINE_CURVE_WITH_KNOTS('',1,(#3237,#3238),.UNSPECIFIED.,.F.,
  .F.,(2,2),(0.,1.),.PIECEWISE_BEZIER_KNOTS.);
#3237 = CARTESIAN_POINT('',(29.200098414516,34.127031135484,
    -6.030006961847));
#3238 = CARTESIAN_POINT('',(30.234998660087,32.334531754731,
    -5.000007208586));
#3239 = ORIENTED_EDGE('',*,*,#3240,.T.);
#3240 = EDGE_CURVE('',#3234,#3126,#3241,.T.);
#3241 = B_SPLINE_CURVE_WITH_KNOTS('',6,(#3242,#3243,#3244,#3245,#3246,
    #3247,#3248,#3249,#3250,#3251,#3252,#3253,#3254,#3255,#3256,#3257,
    #3258,#3259,#3260,#3261,#3262,#3263),.UNSPECIFIED.,.F.,.F.,(7,5,5,5,
    7),(0.,0.247937798344,0.500000694772,0.751697150218,1.),
  .UNSPECIFIED.);
#3242 = CARTESIAN_POINT('',(30.009998606696,32.724243186434,
    -5.223941834621));
#3243 = CARTESIAN_POINT('',(29.949849101723,32.689515854586,
    -5.231503727588));
#3244 = CARTESIAN_POINT('',(29.890647793609,32.651404006183,
    -5.239088102436));
#3245 = CARTESIAN_POINT('',(29.832616211535,32.609850886098,
    -5.246547008712));
#3246 = CARTESIAN_POINT('',(29.776017681182,32.564821401278,
    -5.253686356556));
#3247 = CARTESIAN_POINT('',(29.72118284131,32.516341446429,
    -5.260265649155));
#3248 = CARTESIAN_POINT('',(29.614891246702,32.411892894492,
    -5.271953658115));
#3249 = CARTESIAN_POINT('',(29.563503886246,32.355810941727,
    -5.277036118992));
#3250 = CARTESIAN_POINT('',(29.514700757408,32.296451339782,
    -5.281074391421));
#3251 = CARTESIAN_POINT('',(29.468901375609,32.234075305102,
    -5.283846818468));
#3252 = CARTESIAN_POINT('',(29.426492736613,32.169095142048,
    -5.285232340356));
#3253 = CARTESIAN_POINT('',(29.349073110697,32.035000183286,
    -5.285232283768));
#3254 = CARTESIAN_POINT('',(29.314048728787,31.965886804648,
    -5.283850729562));
#3255 = CARTESIAN_POINT('',(29.282963066949,31.895143073354,
    -5.281086310253));
#3256 = CARTESIAN_POINT('',(29.255979166096,31.823307840169,
    -5.277059364267));
#3257 = CARTESIAN_POINT('',(29.233113832487,31.750873039132,
    -5.271990317115));
#3258 = CARTESIAN_POINT('',(29.195746237742,31.606600721767,
    -5.260313948791));
#3259 = CARTESIAN_POINT('',(29.181134509947,31.534765610438,
    -5.253728258736));
#3260 = CARTESIAN_POINT('',(29.170404855767,31.463127579402,
    -5.246579798004));
#3261 = CARTESIAN_POINT('',(29.163413813969,31.391987520234,
    -5.239110263448));
#3262 = CARTESIAN_POINT('',(29.159998604891,31.321556926855,
    -5.23151467322));
#3263 = CARTESIAN_POINT('',(29.159998606697,31.252,-5.223941631965));
#3264 = B_SPLINE_SURFACE_WITH_KNOTS('',7,1,(
    (#3265,#3266)
    ,(#3267,#3268)
    ,(#3269,#3270)
    ,(#3271,#3272)
    ,(#3273,#3274)
    ,(#3275,#3276)
    ,(#3277,#3278)
    ,(#3279,#3280
    )),.UNSPECIFIED.,.F.,.F.,.F.,(8,8),(2,2),(0.,3.3198),(0.,1.),
  .PIECEWISE_BEZIER_KNOTS.);
#3265 = CARTESIAN_POINT('',(27.540198414516,31.252,-6.030006566096));
#3266 = CARTESIAN_POINT('',(29.609998660087,31.252,-5.000007059574));
#3267 = CARTESIAN_POINT('',(27.777326985944,31.662718733641,
    -6.030006622631));
#3268 = CARTESIAN_POINT('',(29.609998660087,31.438999562714,
    -5.000007059574));
#3269 = CARTESIAN_POINT('',(28.014455557373,32.073437467281,
    -6.030006679167));
#3270 = CARTESIAN_POINT('',(29.642636312979,31.625999087923,
    -5.000007067356));
#3271 = CARTESIAN_POINT('',(28.251584128801,32.484156200922,
    -6.030006735703));
#3272 = CARTESIAN_POINT('',(29.707911078239,31.806163248674,
    -5.000007082919));
#3273 = CARTESIAN_POINT('',(28.48871270023,32.894874934562,
    -6.030006792239));
#3274 = CARTESIAN_POINT('',(29.804035417967,31.972655488928,
    -5.000007105836));
#3275 = CARTESIAN_POINT('',(28.725841271658,33.305593668203,
    -6.030006848775));
#3276 = CARTESIAN_POINT('',(29.9274247754,32.119267174244,
    -5.000007135255));
#3277 = CARTESIAN_POINT('',(28.962969843087,33.716312401843,
    -6.030006905311));
#3278 = CARTESIAN_POINT('',(30.07305228828,32.241031973374,
    -5.000007169975));
#3279 = CARTESIAN_POINT('',(29.200098414516,34.127031135484,
    -6.030006961847));
#3280 = CARTESIAN_POINT('',(30.234998660087,32.334531754731,
    -5.000007208586));
#3281 = ADVANCED_FACE('',(#3282),#3312,.T.);
#3282 = FACE_BOUND('',#3283,.T.);
#3283 = EDGE_LOOP('',(#3284,#3285,#3286,#3287));
#3284 = ORIENTED_EDGE('',*,*,#3233,.F.);
#3285 = ORIENTED_EDGE('',*,*,#2564,.T.);
#3286 = ORIENTED_EDGE('',*,*,#3177,.T.);
#3287 = ORIENTED_EDGE('',*,*,#3288,.T.);
#3288 = EDGE_CURVE('',#3178,#3234,#3289,.T.);
#3289 = B_SPLINE_CURVE_WITH_KNOTS('',6,(#3290,#3291,#3292,#3293,#3294,
    #3295,#3296,#3297,#3298,#3299,#3300,#3301,#3302,#3303,#3304,#3305,
    #3306,#3307,#3308,#3309,#3310,#3311),.UNSPECIFIED.,.F.,.F.,(7,5,5,5,
    7),(0.,0.247937798344,0.500000694772,0.751697150212,1.),
  .UNSPECIFIED.);
#3290 = CARTESIAN_POINT('',(31.709998606696,32.724243186434,
    -5.223942239933));
#3291 = CARTESIAN_POINT('',(31.649849101722,32.758970518281,
    -5.2315041329));
#3292 = CARTESIAN_POINT('',(31.587242617859,32.791184429276,
    -5.239088506936));
#3293 = CARTESIAN_POINT('',(31.522240768333,32.820664691992,
    -5.24654741155));
#3294 = CARTESIAN_POINT('',(31.454944824532,32.847165713211,
    -5.253686756844));
#3295 = CARTESIAN_POINT('',(31.385542531339,32.87041409877,
    -5.260266045969));
#3296 = CARTESIAN_POINT('',(31.241941633275,32.910241041527,
    -5.271954046034));
#3297 = CARTESIAN_POINT('',(31.167679556653,32.926702823683,
    -5.277036501458));
#3298 = CARTESIAN_POINT('',(31.091871068509,32.939287771235,
    -5.281074767448));
#3299 = CARTESIAN_POINT('',(31.014952146659,32.947763181438,
    -5.283847187076));
#3300 = CARTESIAN_POINT('',(30.937473355049,32.952000058335,
    -5.285232700602));
#3301 = CARTESIAN_POINT('',(30.782633901285,32.951999941749,
    -5.285232625556));
#3302 = CARTESIAN_POINT('',(30.705267768855,32.947775257201,
    -5.283851061255));
#3303 = CARTESIAN_POINT('',(30.628459069808,32.939324364971,
    -5.281086631044));
#3304 = CARTESIAN_POINT('',(30.552755983038,32.926775492842,
    -5.277059673443));
#3305 = CARTESIAN_POINT('',(30.478592939023,32.910360053142,
    -5.271990614061));
#3306 = CARTESIAN_POINT('',(30.334965651141,32.870585183199,
    -5.260314220403));
#3307 = CARTESIAN_POINT('',(30.265448756733,32.847321756358,
    -5.253728517257));
#3308 = CARTESIAN_POINT('',(30.198043575739,32.820794895409,
    -5.246580043013));
#3309 = CARTESIAN_POINT('',(30.132938957263,32.791279287162,
    -5.239110494601));
#3310 = CARTESIAN_POINT('',(30.070236670558,32.759021649862,
    -5.231514890238));
#3311 = CARTESIAN_POINT('',(30.009998606696,32.724243186434,
    -5.223941834621));
#3312 = B_SPLINE_SURFACE_WITH_KNOTS('',7,1,(
    (#3313,#3314)
    ,(#3315,#3316)
    ,(#3317,#3318)
    ,(#3319,#3320)
    ,(#3321,#3322)
    ,(#3323,#3324)
    ,(#3325,#3326)
    ,(#3327,#3328
    )),.UNSPECIFIED.,.F.,.F.,.F.,(8,8),(2,2),(0.,3.3198),(0.,1.),
  .PIECEWISE_BEZIER_KNOTS.);
#3313 = CARTESIAN_POINT('',(29.200098414516,34.127031135484,
    -6.030006961847));
#3314 = CARTESIAN_POINT('',(30.234998660087,32.334531754731,
    -5.000007208586));
#3315 = CARTESIAN_POINT('',(29.674355557373,34.127031135484,
    -6.030007074918));
#3316 = CARTESIAN_POINT('',(30.396945031894,32.428031536088,
    -5.000007247197));
#3317 = CARTESIAN_POINT('',(30.14861270023,34.127031135484,
    -6.03000718799));
#3318 = CARTESIAN_POINT('',(30.575210197666,32.493266262166,
    -5.000007289699));
#3319 = CARTESIAN_POINT('',(30.622869843087,34.127031135484,
    -6.030007301062));
#3320 = CARTESIAN_POINT('',(30.763874320358,32.526818737603,
    -5.00000733468));
#3321 = CARTESIAN_POINT('',(31.097126985944,34.127031135484,
    -6.030007414134));
#3322 = CARTESIAN_POINT('',(30.956122999815,32.526818737601,
    -5.000007380515));
#3323 = CARTESIAN_POINT('',(31.571384128801,34.127031135484,
    -6.030007527205));
#3324 = CARTESIAN_POINT('',(31.144787122507,32.493266262167,
    -5.000007425497));
#3325 = CARTESIAN_POINT('',(32.045641271658,34.127031135484,
    -6.030007640277));
#3326 = CARTESIAN_POINT('',(31.32305228828,32.428031536087,
    -5.000007467998));
#3327 = CARTESIAN_POINT('',(32.519898414515,34.127031135484,
    -6.030007753349));
#3328 = CARTESIAN_POINT('',(31.484998660087,32.334531754731,
    -5.000007506609));
#3329 = ADVANCED_FACE('',(#3330),#3346,.F.);
#3330 = FACE_BOUND('',#3331,.F.);
#3331 = EDGE_LOOP('',(#3332,#3333,#3339,#3340,#3341,#3342,#3343,#3344,
    #3345));
#3332 = ORIENTED_EDGE('',*,*,#2788,.T.);
#3333 = ORIENTED_EDGE('',*,*,#3334,.T.);
#3334 = EDGE_CURVE('',#2780,#3126,#3335,.T.);
#3335 = LINE('',#3336,#3337);
#3336 = CARTESIAN_POINT('',(29.15999985218,31.252,-6.952286166097E-06));
#3337 = VECTOR('',#3338,1.);
#3338 = DIRECTION('',(-2.384185933487E-07,0.,-1.));
#3339 = ORIENTED_EDGE('',*,*,#3132,.T.);
#3340 = ORIENTED_EDGE('',*,*,#3024,.T.);
#3341 = ORIENTED_EDGE('',*,*,#3078,.T.);
#3342 = ORIENTED_EDGE('',*,*,#3186,.T.);
#3343 = ORIENTED_EDGE('',*,*,#3288,.T.);
#3344 = ORIENTED_EDGE('',*,*,#3240,.T.);
#3345 = ORIENTED_EDGE('',*,*,#3334,.F.);
#3346 = CYLINDRICAL_SURFACE('',#3347,1.7);
#3347 = AXIS2_PLACEMENT_3D('',#3348,#3349,#3350);
#3348 = CARTESIAN_POINT('',(30.85999985218,31.252,-7.357597774895E-06));
#3349 = DIRECTION('',(-2.384185934109E-07,-0.,-1.));
#3350 = DIRECTION('',(-1.,0.,2.384185934109E-07));
#3351 = ( GEOMETRIC_REPRESENTATION_CONTEXT(3) 
GLOBAL_UNCERTAINTY_ASSIGNED_CONTEXT((#3355)) 
GLOBAL_UNIT_ASSIGNED_CONTEXT((#3352,#3353,#3354)) REPRESENTATION_CONTEXT
('Context #1','3D Context with UNIT and UNCERTAINTY') );
#3352 = ( LENGTH_UNIT() NAMED_UNIT(*) SI_UNIT(.MILLI.,.METRE.) );
#3353 = ( NAMED_UNIT(*) PLANE_ANGLE_UNIT() SI_UNIT($,.RADIAN.) );
#3354 = ( NAMED_UNIT(*) SI_UNIT($,.STERADIAN.) SOLID_ANGLE_UNIT() );
#3355 = UNCERTAINTY_MEASURE_WITH_UNIT(LENGTH_MEASURE(1.E-07),#3352,
  'distance_accuracy_value','confusion accuracy');
#3356 = PRODUCT_RELATED_PRODUCT_CATEGORY('part',$,(#7));
#3357 = MECHANICAL_DESIGN_GEOMETRIC_PRESENTATION_REPRESENTATION('',(
    #3358),#3351);
#3358 = STYLED_ITEM('color',(#3359),#15);
#3359 = PRESENTATION_STYLE_ASSIGNMENT((#3360,#3366));
#3360 = SURFACE_STYLE_USAGE(.BOTH.,#3361);
#3361 = SURFACE_SIDE_STYLE('',(#3362));
#3362 = SURFACE_STYLE_FILL_AREA(#3363);
#3363 = FILL_AREA_STYLE('',(#3364));
#3364 = FILL_AREA_STYLE_COLOUR('',#3365);
#3365 = COLOUR_RGB('',0.447058818107,0.474509808674,0.501960817233);
#3366 = CURVE_STYLE('',#3367,POSITIVE_LENGTH_MEASURE(0.1),#3368);
#3367 = DRAUGHTING_PRE_DEFINED_CURVE_FONT('continuous');
#3368 = COLOUR_RGB('',9.803921802644E-02,9.803921802644E-02,
  9.803921802644E-02);
ENDSEC;
END-ISO-10303-21;
